번호,발생시각,규모,깊이,최대진도,위도,경도,위치
1173,2022-10-29 8:29,2.9,11,Ⅳ,36.88 N,127.89 E,충북 괴산군 북동쪽 12km 지역
1172,2022-10-29 8:29,2.2,10,Ⅳ,36.88 N,127.87 E,충북 괴산군 북동쪽 10km 지역
1171,2022-10-29 8:27,4.1,12,Ⅴ,36.88 N,127.88 E,충북 괴산군 북동쪽 11km 지역
1170,2022-10-29 8:27,3.5,13,Ⅴ,36.88 N,127.88 E,충북 괴산군 북동쪽 11km 지역
1169,2022-10-08 14:33,2.4,14,Ⅰ,41.29 N,129.21 E,북한 함경북도 길주 북북서쪽 39km 지역
1168,2022-10-08 2:54,2.5,23,Ⅰ,41.30 N,129.13 E,북한 함경북도 길주 북북서쪽 42km 지역
1167,2022-10-01 4:37,2.7,14,Ⅲ,36.94 N,127.13 E,충남 천안시 서북구 북북서쪽 7km 지역
1166,2022-09-23 7:40,2.3,-,Ⅰ,35.69 N,124.59 E,충남 태안군 서격렬비도 남서쪽 134km 해역
1165,2022-09-22 20:28,2.9,10,Ⅰ,40.57 N,126.71 E,북한 자강도 용림 북북동쪽 7km 지역
1164,2022-09-11 16:28,2.4,13,Ⅰ,36.46 N,129.63 E,경북 영덕군 동북동쪽 24km 해역
1163,2022-09-10 14:59,3.4,7,Ⅱ,38.95 N,127.29 E,북한 강원 원산 남남서쪽 26km 지역
1162,2022-09-03 0:44,2,18,Ⅰ,36.39 N,129.89 E,경북 영덕군 동쪽 47km 해역
1161,2022-09-01 8:33,2.5,-,Ⅰ,35.11 N,125.07 E,전남 신안군 흑산도 북북서쪽 58km 해역
1160,2022-08-28 1:54,2.4,12,Ⅰ,37.17 N,125.42 E,인천 옹진군 연평도 남남서쪽 60km 해역
1159,2022-08-24 18:31,2.1,20,Ⅰ,36.47 N,129.62 E,경북 영덕군 동북동쪽 24km 해역
1158,2022-08-22 13:29,2.4,-,Ⅰ,34.75 N,124.30 E,전남 신안군 흑산도 서쪽 103km 해역
1157,2022-08-16 20:27,2.4,-,Ⅰ,38.80 N,125.95 E,북한 황해북도 연산 서남서쪽 28km 지역
1156,2022-08-12 19:37,2.7,6,Ⅰ,37.41 N,124.53 E,인천 옹진군 백령도 남남서쪽 62km 해역
1155,2022-08-03 7:55,3.1,8,Ⅰ,33.14 N,127.67 E,전남 여수시 거문도 남남동쪽 104km 해역
1154,2022-07-31 22:05,2.6,-,Ⅰ,38.44 N,125.62 E,북한 황해남도 안악 남동쪽 13km 지역
1153,2022-07-29 5:36,2.6,13,Ⅳ,35.39 N,128.24 E,경남 의령군 북북서쪽 8km 지역
1152,2022-07-23 16:21,2.4,-,Ⅰ,38.44 N,125.63 E,북한 황해북도 사리원 서남서쪽 14km 지역
1151,2022-07-23 6:27,2.5,-,Ⅰ,38.45 N,125.63 E,북한 황해북도 사리원 서남서쪽 13km 지역
1150,2022-07-21 18:38,2.3,10,Ⅲ,36.80 N,126.25 E,충남 태안군 북서쪽 7km 지역
1149,2022-07-21 4:46,2.3,13,Ⅲ,35.79 N,129.20 E,경북 경주시 남남서쪽 8km 지역
1148,2022-07-20 16:19,2,17,Ⅱ,36.29 N,126.87 E,충남 부여군 서북서쪽 4km 지역
1147,2022-07-16 13:53,2.1,14,Ⅰ,33.64 N,128.11 E,전남 여수시 거문도 동남동쪽 85km 해역
1146,2022-07-12 10:38,2.6,6,Ⅰ,33.13 N,127.66 E,제주 서귀포시 동쪽 103km 해역
1145,2022-07-12 10:09,2.7,7,Ⅰ,33.11 N,127.66 E,제주 서귀포시 동쪽 104km 해역
1144,2022-07-12 9:56,2.3,6,Ⅰ,33.12 N,127.64 E,제주 서귀포시 동쪽 102km 해역
1143,2022-07-12 0:44,2.2,10,Ⅰ,33.14 N,127.66 E,제주 서귀포시 동쪽 103km 해역
1142,2022-07-12 0:41,2.1,10,Ⅰ,33.14 N,127.65 E,제주 서귀포시 동쪽 102km 해역
1141,2022-07-03 7:54,2.6,13,Ⅰ,33.31 N,127.45 E,전남 여수시 거문도 남쪽 81km 해역
1140,2022-06-30 22:51,2.3,6,Ⅳ,37.02 N,128.98 E,경북 봉화군 동북동쪽 26km 지역
1139,2022-06-30 2:55,2.1,18,Ⅰ,35.90 N,129.73 E,경북 포항시 남구 동남동쪽 35km 해역
1138,2022-06-29 15:26,2.3,21,Ⅰ,35.89 N,129.70 E,경북 포항시 남구 동남동쪽 33km 해역
1137,2022-06-02 20:48,2.6,26,Ⅰ,38.12 N,130.98 E,경북 울릉군 울릉도 북쪽 71km 해역
1136,2022-05-13 6:50,2.3,21,Ⅰ,33.34 N,127.22 E,제주 서귀포시 동쪽 62km 해역
1135,2022-04-30 9:20,2.3,10,Ⅰ,38.98 N,127.29 E,북한 강원 원산 남남서쪽 24km 지역
1134,2022-04-21 2:34,2.3,-,Ⅰ,38.85 N,125.78 E,북한 황해북도 송림 북동쪽 18km 지역
1133,2022-04-18 14:22,2.3,11,Ⅲ,37.26 N,126.10 E,인천 옹진군 서남서쪽 52km 지역
1132,2022-04-17 23:33,2.3,9,Ⅲ,35.22 N,128.60 E,경남 창원시 마산회원구 동쪽 2km 지역
1131,2022-04-16 2:08,2.6,18,Ⅲ,34.75 N,127.26 E,전남 고흥군 북쪽 16km 지역
1130,2022-04-12 14:56,2.4,14,Ⅲ,36.82 N,129.47 E,경북 울진군 남남동쪽 20km 해역
1129,2022-04-10 2:45,3.4,18,Ⅲ,36.45 N,129.62 E,경북 영덕군 동쪽 23km 해역
1128,2022-04-09 10:55,2.2,19,Ⅱ,36.54 N,128.08 E,경북 상주시 북북서쪽 16km 지역
1127,2022-04-03 14:19,2,11,Ⅲ,35.69 N,129.35 E,경북 경주시 남남동쪽 22km 지역
1126,2022-03-16 18:18,2.3,-,Ⅰ,33.70 N,125.06 E,전남 신안군 흑산도 남남서쪽 113km 해역
1125,2022-03-15 0:22,2,12,Ⅰ,39.42 N,126.19 E,북한 평안남도 성천 북쪽 20km 지역
1124,2022-03-06 18:40,2.5,18,Ⅰ,37.31 N,129.54 E,강원 삼척시 동남동쪽 37km 해역
1123,2022-03-05 22:16,2.4,12,Ⅲ,36.39 N,127.13 E,충남 공주시 남쪽 6km 지역
1122,2022-03-04 2:15,2.1,29,Ⅰ,41.24 N,129.22 E,북한 함경북도 길주 북북서쪽 33km 지역
1121,2022-02-28 21:31,2.1,24,Ⅰ,41.25 N,129.28 E,북한 함경북도 길주 북쪽 33km 지역
1120,2022-02-24 12:07,2.2,21,Ⅰ,34.00 N,127.59 E,전남 여수시 거문도 동쪽 25km 해역
1119,2022-02-15 6:52,2.5,29,Ⅰ,41.29 N,129.23 E,북한 함경북도 길주 북북서쪽 38km 지역
1118,2022-02-14 19:47,2.3,18,Ⅰ,41.28 N,129.26 E,북한 함경북도 길주 북쪽 37km 지역
1117,2022-02-14 14:33,2.3,22,Ⅰ,41.27 N,129.24 E,북한 함경북도 길주 북북서쪽 36km 지역
1116,2022-02-11 10:35,3.1,17,Ⅰ,41.30 N,129.21 E,북한 함경북도 길주 북북서쪽 40km 지역
1115,2022-02-10 17:20,2.2,19,Ⅲ,35.29 N,126.59 E,전남 영광군 동북동쪽 7km 지역
1114,2022-02-08 15:57,2.9,16,Ⅰ,35.07 N,125.06 E,전남 신안군 흑산도 북서쪽 55km 해역
1113,2022-02-04 2:47,2.3,16,Ⅰ,37.41 N,129.51 E,강원 삼척시 동쪽 31km 해역
1112,2022-02-02 12:04,2.4,19,Ⅲ,35.72 N,128.99 E,경북 청도군 동북동쪽 24km 지역
1111,2022-01-28 6:46,2.3,9,Ⅱ,34.37 N,127.30 E,전남 고흥군 남쪽 26km 해역
1110,2021-12-30 17:54,2.2,14,Ⅰ,41.30 N,129.17 E,북한 함경북도 길주 북북서쪽 41km 지역
1109,2021-12-30 14:21,2.3,19,Ⅰ,41.31 N,129.21 E,북한 함경북도 길주 북북서쪽 41km 지역
1108,2021-12-17 6:22,3.2,18,Ⅲ,33.12 N,126.18 E,제주 서귀포시 서남서쪽 38km 해역
1107,2021-12-15 22:02,2.3,10,Ⅳ,35.79 N,127.80 E,경남 거창군 북서쪽 15km 지역
1106,2021-12-15 15:06,2.8,14,Ⅱ,33.14 N,126.15 E,제주 서귀포시 서남서쪽 40km 해역
1105,2021-12-14 17:19,4.9,17,Ⅴ,33.09 N,126.16 E,제주 서귀포시 서남서쪽 41km 해역
1104,2021-12-09 10:57,2.6,17,Ⅰ,33.85 N,125.51 E,전남 신안군 흑산도 남쪽 91km 해역
1103,2021-12-04 12:33,2.3,20,Ⅰ,38.02 N,124.52 E,인천 옹진군 백령도 서북서쪽 16km 해역
1102,2021-11-22 5:19,2.1,7,Ⅱ,35.48 N,127.11 E,전북 순창군 북북서쪽 12km 지역
1101,2021-11-19 2:35,2.2,11,Ⅰ,33.85 N,124.77 E,전남 신안군 흑산도 남남서쪽 109km 해역
1100,2021-11-17 1:39,2.9,19,Ⅰ,35.66 N,129.75 E,울산 동구 동북동쪽 35km 해역
1099,2021-11-16 20:53,2.1,8,Ⅰ,34.50 N,125.90 E,전남 진도군 서쪽 33km 해역
1098,2021-11-16 11:57,2.1,18,Ⅰ,35.06 N,125.06 E,전남 신안군 흑산도 북서쪽 54km 해역
1097,2021-11-12 1:31,2.1,8,Ⅱ,36.15 N,129.38 E,경북 포항시 북구 북쪽 12km 지역
1096,2021-10-22 6:51,2.4,14,Ⅲ,36.90 N,128.22 E,충북 제천시 남쪽 26km 지역
1095,2021-10-19 22:13,2.2,22,Ⅰ,35.90 N,129.75 E,경북 포항시 남구 동남동쪽 37km 해역
1094,2021-10-19 6:45,2.8,-,Ⅰ,40.41 N,127.27 E,북한 함경남도 장진 북동쪽 4km 지역
1093,2021-10-19 6:41,2.6,-,Ⅰ,40.37 N,127.28 E,북한 함경남도 장진 동남동쪽 4km 지역
1092,2021-10-17 23:13,2.4,33,Ⅰ,41.26 N,129.45 E,북한 함경북도 길주 북북동쪽 36km 지역
1091,2021-10-11 22:00,2.5,20,Ⅰ,41.29 N,129.20 E,북한 함경북도 길주 북북서쪽 39km 지역
1090,2021-10-11 21:58,2.4,25,Ⅰ,41.30 N,129.18 E,북한 함경북도 길주 북북서쪽 40km 지역
1089,2021-10-10 2:18,2.1,7,Ⅰ,35.10 N,125.06 E,전남 신안군 흑산도 북서쪽 58km 해역
1088,2021-10-06 21:55,2.5,13,Ⅲ,35.25 N,127.86 E,경남 하동군 북북동쪽 23km 지역
1087,2021-09-23 12:02,2.6,16,Ⅳ,35.42 N,128.49 E,경남 창녕군 남쪽 14km 지역
1086,2021-09-20 6:58,2.2,8,Ⅲ,34.88 N,127.25 E,전남 보성군 북동쪽 20km 지역
1085,2021-09-17 5:30,2.2,10,Ⅱ,36.71 N,126.11 E,충남 태안군 서남서쪽 17km 해역
1084,2021-09-14 3:36,2.2,16,Ⅲ,35.41 N,128.78 E,경남 밀양시 남남동쪽 11km 지역
1083,2021-09-12 2:04,2.1,13,Ⅱ,35.53 N,128.53 E,경남 창녕군 동남동쪽 4km 지역
1082,2021-09-11 3:47,2.1,8,Ⅰ,41.29 N,129.15 E,북한 함경북도 길주 북북서쪽 40km 지역
1081,2021-09-01 18:39,2.4,15,Ⅰ,41.30 N,129.13 E,북한 함경북도 길주 북북서쪽 42km 지역
1080,2021-08-29 18:47,2.6,15,Ⅰ,36.98 N,125.02 E,충남 태안군 서격렬비도 북서쪽 62km 해역
1079,2021-08-29 13:03,2.2,9,Ⅲ,35.31 N,128.49 E,경남 함안군 동북동쪽 9km 지역
1078,2021-08-28 7:03,2.2,15,Ⅲ,35.00 N,127.73 E,전남 광양시 북북동쪽 7km 지역
1077,2021-08-26 15:58,2.3,17,Ⅰ,35.07 N,125.12 E,전남 신안군 흑산도 북북서쪽 52km 해역
1076,2021-08-21 9:40,4,7,Ⅱ,35.70 N,124.70 E,전북 군산시 어청도 서남서쪽 124km 해역
1075,2021-08-20 22:26,2.1,5,Ⅱ,38.37 N,127.99 E,북한 강원 회양 남동쪽 50km 지역
1074,2021-08-18 16:57,2.1,-,Ⅰ,35.10 N,129.84 E,부산 기장군 동남동쪽 58km 해역
1073,2021-08-15 9:32,2,18,Ⅰ,35.10 N,129.78 E,부산 기장군 동남동쪽 53km 해역
1072,2021-08-01 14:19,2.2,13,Ⅰ,35.65 N,129.53 E,울산 북구 동북동쪽 17km 해역
1071,2021-07-31 5:17,2.5,22,Ⅲ,35.65 N,128.40 E,대구 달성군 남남서쪽 14km 지역
1070,2021-07-26 6:50,2.2,14,Ⅲ,36.32 N,128.21 E,경북 상주시 남남동쪽 11km 지역
1069,2021-07-07 6:57,2.3,20,Ⅱ,36.77 N,128.46 E,경북 예천군 북쪽 14km 지역
1068,2021-06-14 22:42,2.4,20,Ⅰ,35.81 N,129.77 E,경북 포항시 남구 동남동쪽 43km 해역
1067,2021-06-13 23:57,2.5,15,Ⅰ,41.29 N,129.13 E,북한 함경북도 길주 북북서쪽 41km 지역
1066,2021-06-13 6:13,2,26,Ⅰ,36.97 N,130.34 E,경북 울릉군 울릉도 남서쪽 76km 해역
1065,2021-06-07 18:34,2.1,13,Ⅰ,33.68 N,128.07 E,전남 여수시 거문도 동남동쪽 80km 해역
1064,2021-05-30 23:53,2.4,9,Ⅰ,38.73 N,126.06 E,북한 황해북도 연산 남서쪽 23km 지역
1063,2021-05-26 6:13,2.2,-,Ⅰ,35.83 N,124.56 E,충남 태안군 서격렬비도 남서쪽 124km 해역
1062,2021-05-13 6:04,2,10,Ⅲ,35.89 N,127.33 E,전북 완주군 동쪽 15km 지역
1061,2021-05-04 22:42,2,19,Ⅰ,35.89 N,129.67 E,경북 포항시 남구 동남동쪽 31km 해역
1060,2021-04-30 16:15,2.1,7,Ⅲ,35.52 N,128.88 E,경남 밀양시 동쪽 12km 지역
1059,2021-04-29 5:12,2,18,Ⅰ,35.65 N,129.83 E,울산 동구 동북동쪽 41km 해역
1058,2021-04-28 12:00,2.5,20,Ⅰ,35.65 N,129.79 E,울산 동구 동북동쪽 37km 해역
1057,2021-04-25 17:07,2.3,5,Ⅰ,37.48 N,124.36 E,인천 옹진군 백령도 남남서쪽 60km 해역
1056,2021-04-23 2:41,2.2,6,Ⅰ,40.49 N,127.51 E,북한 함경남도 장진 동북동쪽 26km 지역
1055,2021-04-20 2:13,2.6,15,Ⅰ,35.08 N,125.05 E,전남 신안군 흑산도 북서쪽 57km 해역
1054,2021-04-19 15:48,2.7,20,Ⅰ,41.28 N,129.13 E,북한 함경북도 길주 북북서쪽 40km 지역
1053,2021-04-19 14:20,3.7,15,Ⅱ,35.07 N,125.08 E,전남 신안군 흑산도 북서쪽 54km 해역
1052,2021-04-16 1:43,2.2,11,Ⅲ,37.29 N,127.71 E,경기 여주시 동쪽 7km 지역
1051,2021-04-13 21:56,2,13,Ⅲ,36.02 N,126.91 E,전북 익산시 북북서쪽 9km 지역
1050,2021-03-16 2:51,2.6,18,Ⅲ,35.76 N,129.19 E,경북 경주시 남남서쪽 11km 지역
1049,2021-02-21 9:03,2.2,18,Ⅱ,35.47 N,126.34 E,전남 영광군 북서쪽 27km 해역
1048,2021-02-15 18:59,2.5,14,Ⅳ,35.99 N,126.84 E,전북 군산시 동북동쪽 10km 지역
1047,2021-02-10 19:28,2.1,9,Ⅱ,37.32 N,126.24 E,인천 옹진군 서남서쪽 38km 해역
1046,2021-02-08 7:46,2.3,24,Ⅰ,40.64 N,127.62 E,북한 함경남도 장진 북동쪽 43km 지역
1045,2021-02-08 3:37,3.2,24,Ⅰ,40.67 N,127.45 E,북한 함경남도 장진 북북동쪽 37km 지역
1044,2021-02-06 4:40,2.7,5,Ⅳ,35.81 N,127.53 E,전북 장수군 북쪽 18km 지역
1043,2021-02-03 12:17,2.2,8,Ⅲ,37.32 N,126.24 E,인천 옹진군 서남서쪽 38km 해역
1042,2021-01-24 6:23,2.1,11,Ⅰ,35.84 N,125.14 E,전북 군산시 어청도 서남서쪽 81km 해역
1041,2021-01-14 8:17,2.1,-,Ⅰ,36.86 N,125.43 E,충남 태안군 서격렬비도 북북서쪽 30km 해역
1040,2020-12-23 21:28,2.2,12,Ⅲ,37.73 N,126.73 E,경기 파주시 남서쪽 6km 지역
1039,2020-12-18 17:17,2.7,16,Ⅱ,37.66 N,129.32 E,강원 동해시 북동쪽 24km 해역
1038,2020-12-15 17:15,2.3,16,Ⅰ,37.70 N,125.17 E,북한 황해남도 옹진 남남서쪽 31km 해역
1037,2020-11-19 23:17,3.1,15,Ⅰ,37.99 N,125.37 E,북한 황해남도 옹진 북쪽 7km 지역
1036,2020-11-17 3:10,2.6,-,Ⅰ,41.28 N,129.18 E,북한 함경북도 길주 북북서쪽 38km 지역
1035,2020-11-15 0:00,2.1,17,Ⅲ,35.76 N,129.18 E,경북 경주시 남남서쪽 11km 지역
1034,2020-11-08 15:26,2.9,9,Ⅳ,36.41 N,128.22 E,경북 상주시 동쪽 5km 지역
1033,2020-11-06 18:27,2,8,Ⅱ,36.43 N,128.14 E,경북 상주시 북서쪽 3km 지역
1032,2020-11-04 16:50,2.4,22,Ⅰ,35.84 N,129.79 E,경북 포항시 남구 동남동쪽 43km 해역
1031,2020-11-04 7:23,2.2,23,Ⅰ,35.83 N,129.78 E,경북 포항시 남구 동남동쪽 43km 해역
1030,2020-11-04 4:41,2.8,-,Ⅰ,38.79 N,125.72 E,북한 황해북도 송림 북동쪽 10km 지역
1029,2020-10-25 19:10,2.5,17,Ⅰ,33.89 N,125.65 E,전남 진도군 남서쪽 87km 해역
1028,2020-10-24 15:09,2.1,21,Ⅰ,33.93 N,127.45 E,전남 여수시 거문도 남동쪽 16km 해역
1027,2020-10-09 4:38,2.1,15,Ⅲ,35.75 N,129.17 E,경북 경주시 남남서쪽 13km 지역
1026,2020-10-07 4:05,2.1,22,Ⅰ,33.92 N,127.44 E,전남 여수시 거문도 남동쪽 16km 해역
1025,2020-10-03 1:37,2.3,-,Ⅰ,38.83 N,126.03 E,북한 황해북도 연산 서남서쪽 20km 지역
1024,2020-10-02 22:29,2.6,-,Ⅰ,38.74 N,125.90 E,북한 황해북도 송림 동쪽 23km 지역
1023,2020-10-02 21:31,2.5,-,Ⅰ,38.74 N,125.89 E,북한 황해북도 송림 동쪽 22km 지역
1022,2020-09-22 20:08,2.1,15,Ⅱ,36.60 N,129.37 E,경북 영덕군 북쪽 21km 지역
1021,2020-09-20 1:22,2.2,17,Ⅲ,36.51 N,127.14 E,충남 공주시 북북동쪽 7km 지역
1020,2020-09-13 0:54,2.9,15,Ⅰ,37.64 N,124.60 E,인천 옹진군 백령도 남남서쪽 35km 해역
1019,2020-09-12 13:31,2.4,15,Ⅱ,36.03 N,128.40 E,경북 칠곡군 북쪽 4km 지역
1018,2020-09-02 19:43,2.3,-,Ⅱ,34.38 N,126.20 E,전남 진도군 남남서쪽 13km 지역
1017,2020-08-21 3:52,2.5,14,Ⅱ,37.91 N,125.93 E,북한 황해남도 해주 남동쪽 24km 지역
1016,2020-08-07 21:27,2.4,-,Ⅰ,41.30 N,129.09 E,북한 함경북도 길주 북북서쪽 43km 지역
1015,2020-08-05 1:22,2,7,Ⅰ,38.85 N,125.71 E,북한 황해북도 송림 북북동쪽 14km 지역
1014,2020-08-01 13:15,2,19,Ⅱ,36.77 N,128.48 E,경북 예천군 북쪽 13km 지역
1013,2020-08-01 2:58,2,17,Ⅰ,38.65 N,127.16 E,북한 강원 평강 북북서쪽 29km 지역
1012,2020-07-25 0:34,2.2,7,Ⅰ,34.06 N,125.54 E,전남 신안군 흑산도 남쪽 66km 해역
1011,2020-07-20 19:02,2,11,Ⅰ,34.53 N,128.14 E,경남 남해군 남남동쪽 41km 해역
1010,2020-07-15 15:20,2.4,-,Ⅰ,34.88 N,124.68 E,전남 신안군 흑산도 서북서쪽 77km 해역
1009,2020-07-11 22:38,2.7,-,Ⅰ,37.88 N,129.58 E,강원 동해시 북동쪽 57km 해역
1008,2020-07-07 14:08,3.3,12,Ⅲ,37.19 N,125.55 E,인천 옹진군 연평도 남남서쪽 54km 해역
1007,2020-07-03 13:59,2.3,6,Ⅲ,37.18 N,128.71 E,강원 영월군 동쪽 22km 지역
1006,2020-06-24 3:28,2.5,-,Ⅰ,38.66 N,125.95 E,북한 황해북도 사리원 북동쪽 24km 지역
1005,2020-06-23 19:58,2.1,6,Ⅲ,37.86 N,126.90 E,경기 파주시 북동쪽 15km 지역
1004,2020-06-21 9:49,2.3,9,Ⅱ,38.47 N,128.52 E,강원 고성군 북북동쪽 11km 해역
1003,2020-06-08 0:52,2.1,5,Ⅲ,36.01 N,128.01 E,경북 김천시 남남서쪽 17km 지역
1002,2020-06-04 2:21,2.5,6,Ⅰ,38.75 N,125.69 E,북한 황해북도 송림 동북동쪽 5km 지역
1001,2020-05-27 19:23,2.8,6,Ⅲ,36.01 N,128.01 E,경북 김천시 남남서쪽 17km 지역
1000,2020-05-22 21:18,2.1,11,Ⅰ,37.67 N,125.00 E,북한 황해남도 옹진 남서쪽 43km 해역
999,2020-05-13 15:19,2.8,12,Ⅲ,36.10 N,127.34 E,전북 완주군 북동쪽 27km 지역
998,2020-05-11 19:45,3.8,16,Ⅱ,38.68 N,127.18 E,북한 강원 평강 북북서쪽 32km 지역
997,2020-05-09 12:27,2.2,8,Ⅰ,38.87 N,126.22 E,북한 평안남도 성천 남쪽 41km 지역
996,2020-05-09 1:57,2.2,21,Ⅱ,34.66 N,126.40 E,전남 해남군 서북서쪽 21km 지역
995,2020-05-07 2:07,2.1,17,Ⅰ,34.77 N,124.68 E,전남 신안군 흑산도 서쪽 73km 해역
994,2020-05-05 6:44,2.4,-,Ⅰ,38.47 N,126.16 E,북한 황해북도 평산 북서쪽 26km 지역
993,2020-05-03 22:07,3.1,21,Ⅲ,34.66 N,126.40 E,전남 해남군 서북서쪽 21km 지역
992,2020-05-02 2:57,2.3,21,Ⅱ,34.66 N,126.40 E,전남 해남군 서북서쪽 21km 지역
991,2020-04-30 7:13,2.4,21,Ⅲ,34.66 N,126.40 E,전남 해남군 서북서쪽 21km 지역
990,2020-04-29 15:10,2.4,-,Ⅰ,39.39 N,126.13 E,북한 평안남도 성천 북북서쪽 18km 지역
989,2020-04-28 12:52,2.1,22,Ⅱ,34.66 N,126.41 E,전남 해남군 서북서쪽 20km 지역
988,2020-04-28 12:06,2.4,10,Ⅱ,36.16 N,127.43 E,충남 금산군 북서쪽 8km 지역
987,2020-04-27 11:07,2.8,6,Ⅳ,35.80 N,127.53 E,전북 장수군 북쪽 17km 지역
986,2020-04-24 2:07,2.3,15,Ⅰ,35.30 N,125.54 E,전남 신안군 흑산도 북쪽 73km 해역
985,2020-04-22 20:54,2.1,9,Ⅰ,38.11 N,130.01 E,강원 동해시 북동쪽 102km 해역
984,2020-04-18 7:36,2.3,14,Ⅱ,37.58 N,126.14 E,인천 강화군 서남서쪽 36km 해역
983,2020-04-03 19:44,2.2,-,Ⅰ,38.75 N,125.72 E,북한 황해북도 송림 동북동쪽 8km 지역
982,2020-03-20 16:02,2.7,9,Ⅲ,35.39 N,128.01 E,경남 산청군 동남동쪽 13km 지역
981,2020-03-10 1:16,2,12,Ⅰ,35.44 N,125.54 E,전북 군산시 어청도 남남서쪽 85km 해역
980,2020-02-29 22:03,2.4,8,Ⅰ,38.45 N,126.17 E,북한 황해북도 평산 북서쪽 24km 지역
979,2020-02-29 22:02,2.7,8,Ⅰ,38.46 N,126.17 E,북한 황해북도 평산 북서쪽 24km 지역
978,2020-02-16 20:03,2.7,19,Ⅰ,36.26 N,130.49 E,경북 영덕군 동쪽 102km 해역
977,2020-02-09 14:41,2.4,9,Ⅲ,35.77 N,129.03 E,경북 경주시 서남서쪽 18km 지역
976,2020-01-30 0:52,3.2,21,Ⅲ,36.59 N,128.12 E,경북 상주시 북쪽 20km 지역
975,2020-01-29 9:33,2.5,-,Ⅰ,41.29 N,129.11 E,북한 함경북도 길주 북북서쪽 41km 지역
974,2020-01-15 22:46,2.1,8,Ⅱ,37.11 N,128.29 E,충북 제천시 동남동쪽 9km 지역
973,2020-01-08 6:03,2,17,Ⅰ,35.91 N,128.38 E,경북 성주군 동쪽 9km 지역
972,2019-12-30 1:44,2.1,19,Ⅱ,35.56 N,128.90 E,경남 밀양시 동북동쪽 15km 지역
971,2019-12-30 0:32,3.5,20,Ⅳ,35.56 N,128.90 E,경남 밀양시 동북동쪽 15km 지역
970,2019-12-29 8:43,2.3,17,Ⅰ,33.33 N,127.16 E,제주 서귀포시 동쪽 56km 해역
969,2019-12-24 6:19,2.4,18,Ⅰ,33.29 N,127.16 E,제주 서귀포시 동쪽 56km 해역
968,2019-12-17 16:00,2.1,11,Ⅰ,38.01 N,126.00 E,북한 황해남도 해주 동쪽 25km 지역
967,2019-12-15 14:15,2,11,Ⅲ,37.16 N,126.22 E,충남 서산시 북북서쪽 46km 해역
966,2019-12-12 20:29,2.1,21,Ⅰ,33.55 N,126.92 E,제주 제주시 동쪽 36km 해역
965,2019-12-08 12:09,2,-,Ⅰ,35.12 N,124.96 E,전남 신안군 흑산도 북서쪽 70km 해역
964,2019-12-04 17:19,2.6,9,Ⅰ,33.94 N,124.70 E,전남 신안군 흑산도 남서쪽 106km 해역
963,2019-11-29 12:04,2,21,Ⅰ,36.86 N,129.79 E,경북 울진군 동남동쪽 38km 해역
962,2019-11-21 19:55,2.4,12,Ⅰ,33.83 N,128.09 E,전남 여수시 거문도 동남동쪽 75km 해역
961,2019-11-21 6:08,2.3,6,Ⅰ,35.13 N,124.93 E,전남 신안군 흑산도 북서쪽 73km 해역
960,2019-11-09 23:14,2.4,9,Ⅰ,37.62 N,124.65 E,인천 옹진군 백령도 남쪽 37km 해역
959,2019-10-31 16:29,2.1,-,Ⅲ,37.24 N,126.11 E,인천 옹진군 서남서쪽 52km 지역
958,2019-10-30 2:01,2.3,5,Ⅰ,36.68 N,128.61 E,경북 안동시 북서쪽 16km 지역
957,2019-10-27 15:37,3.4,11,Ⅳ,35.41 N,128.49 E,경남 창녕군 남쪽 15km 지역
956,2019-10-20 0:05,2.2,10,Ⅰ,33.41 N,125.13 E,제주 제주시 서쪽 130km 해역
955,2019-10-15 22:30,2.3,-,Ⅰ,38.77 N,125.71 E,북한 황해북도 송림 동북동쪽 8km 지역
954,2019-10-13 19:52,2,20,Ⅰ,36.53 N,129.65 E,경북 영덕군 동북동쪽 28km 해역
953,2019-10-12 20:46,2.5,17,Ⅰ,35.18 N,129.77 E,울산 동구 남동쪽 48km 해역
952,2019-10-04 3:57,2.6,9,Ⅲ,35.47 N,128.86 E,경남 밀양시 동남동쪽 11km 지역
951,2019-10-02 22:36,2.3,11,Ⅰ,38.79 N,125.78 E,북한 황해북도 송림 동북동쪽 14km 지역
950,2019-09-26 2:57,2.3,8,Ⅰ,36.09 N,129.33 E,경북 포항시 북구 북북서쪽 6km 지역
949,2019-09-22 11:07,3.3,17,Ⅱ,34.16 N,125.16 E,전남 신안군 흑산도 남남서쪽 62km 해역
948,2019-09-21 15:11,3.5,17,Ⅱ,38.67 N,127.17 E,북한 강원 평강 북북서쪽 31km 지역
947,2019-09-19 18:19,2.6,6,Ⅰ,33.65 N,124.99 E,전남 신안군 흑산도 남남서쪽 120km 해역
946,2019-09-11 4:52,2,9,Ⅰ,38.13 N,127.09 E,경기 연천군 북북동쪽 4km 지역
945,2019-09-07 23:38,2,14,Ⅰ,35.48 N,129.54 E,울산 동구 동남동쪽 12km 해역
944,2019-09-01 12:58,2.3,16,Ⅰ,39.51 N,126.10 E,북한 평안남도 개천 남동쪽 27km 지역
943,2019-08-28 14:22,2.5,26,Ⅰ,36.24 N,130.01 E,경북 영덕군 동남동쪽 61km 해역
942,2019-08-23 19:50,2.7,7,Ⅲ,37.96 N,124.69 E,인천 옹진군 백령도 북동쪽 1km 지역
941,2019-08-20 10:34,2.8,22,Ⅰ,33.57 N,124.81 E,전남 신안군 흑산도 남남서쪽 135km 해역
940,2019-08-11 18:19,2.1,10,Ⅰ,37.97 N,124.63 E,인천 옹진군 백령도 서북서쪽 5km 지역
939,2019-08-10 22:45,2.3,18,Ⅰ,33.78 N,126.92 E,전남 여수시 거문도 남서쪽 45km 해역
938,2019-08-09 19:30,2.2,-,Ⅰ,39.31 N,124.71 E,북한 평안북도 철산 남쪽 51km 해역
937,2019-07-30 5:45,2.1,6,Ⅱ,35.00 N,128.30 E,경남 고성군 북서쪽 4km 지역
936,2019-07-25 1:46,2.8,13,Ⅰ,37.35 N,129.84 E,경북 울진군 북동쪽 56km 해역
935,2019-07-22 1:15,2,13,Ⅰ,35.82 N,125.56 E,전북 군산시 어청도 남서쪽 50km 해역
934,2019-07-21 11:04,3.9,14,Ⅳ,36.50 N,128.10 E,경북 상주시 북북서쪽 11km 지역
933,2019-07-20 0:38,2,15,Ⅰ,36.33 N,128.08 E,경북 상주시 남서쪽 11km 지역
932,2019-07-10 1:55,2.1,6,Ⅰ,38.70 N,125.73 E,북한 황해북도 송림 동남동쪽 9km 지역
931,2019-07-08 14:04,2.2,20,Ⅰ,37.89 N,129.55 E,강원 동해시 북동쪽 56km 해역
930,2019-07-02 20:51,2.7,21,Ⅰ,35.88 N,129.69 E,경북 포항시 남구 동남동쪽 33km 해역
929,2019-06-27 15:39,2.1,-,Ⅰ,38.75 N,125.71 E,북한 황해북도 송림 동북동쪽 7km 지역
928,2019-06-27 15:37,2.5,-,Ⅰ,38.77 N,125.70 E,북한 황해북도 송림 북동쪽 7km 지역
927,2019-06-27 15:19,3.9,-,Ⅰ,38.80 N,125.69 E,북한 황해북도 송림 북동쪽 9km 지역
926,2019-06-23 18:41,2.4,16,Ⅲ,36.69 N,128.41 E,경북 예천군 북서쪽 5km 지역
925,2019-06-23 13:15,2.4,6,Ⅰ,38.75 N,125.73 E,북한 황해북도 송림 동쪽 8km 지역
924,2019-06-23 5:26,3.4,-,Ⅰ,38.81 N,125.70 E,북한 황해북도 송림 북동쪽 10km 지역
923,2019-06-22 5:49,3.4,-,Ⅰ,38.81 N,125.70 E,북한 황해북도 송림 북동쪽 10km 지역
922,2019-06-22 5:43,2.7,-,Ⅰ,38.81 N,125.71 E,북한 황해북도 송림 북동쪽 10km 지역
921,2019-06-21 13:20,2.5,7,Ⅰ,38.81 N,125.68 E,북한 황해북도 송림 북북동쪽 9km 지역
920,2019-06-15 22:07,2.2,21,Ⅲ,35.71 N,126.36 E,전북 부안군 서쪽 34km 해역
919,2019-06-11 23:18,2.5,19,Ⅲ,35.76 N,129.19 E,경북 경주시 남남서쪽 9km 지역
918,2019-05-17 11:08,2.4,6,Ⅰ,38.37 N,126.30 E,북한 황해북도 평산 서북서쪽 9km 지역
917,2019-05-16 0:35,3.3,5,Ⅰ,39.15 N,126.47 E,북한 평안남도 양덕 서남서쪽 16km 지역
916,2019-05-13 23:50,2.4,17,Ⅰ,33.35 N,127.17 E,제주 서귀포시 동쪽 58km 해역
915,2019-05-10 16:05,2,12,Ⅰ,36.56 N,129.64 E,경북 영덕군 동북동쪽 29km 해역
914,2019-05-05 16:57,2.1,18,Ⅰ,36.55 N,129.54 E,경북 영덕군 북동쪽 22km 해역
913,2019-05-04 5:43,2.4,6,Ⅰ,37.42 N,124.56 E,인천 옹진군 백령도 남쪽 60km 해역
912,2019-04-27 1:10,2.5,17,Ⅰ,33.79 N,126.09 E,제주 제주시 북서쪽 52km 해역
911,2019-04-22 5:45,3.8,21,Ⅲ,36.86 N,129.80 E,경북 울진군 동남동쪽 38km 해역
910,2019-04-19 11:16,4.3,32,Ⅳ,37.88 N,129.54 E,강원 동해시 북동쪽 54km 해역
909,2019-03-28 16:21,2.2,16,Ⅰ,33.62 N,126.94 E,제주 제주시 동북동쪽 40km 해역
908,2019-03-21 7:13,2.7,6,Ⅰ,37.56 N,125.20 E,북한 황해남도 옹진 남남서쪽 43km 해역
907,2019-03-21 4:41,2.8,11,Ⅰ,41.32 N,129.09 E,북한 함경북도 길주 북북서쪽 45km 지역
906,2019-03-19 5:31,2.2,11,Ⅰ,38.01 N,126.00 E,북한 황해남도 해주 동쪽 25km 지역
905,2019-03-17 19:28,2.3,13,Ⅱ,36.34 N,127.87 E,충북 옥천군 동쪽 27km 지역
904,2019-03-13 12:20,2.4,13,Ⅰ,33.63 N,126.93 E,제주 제주시 동북동쪽 40km 해역
903,2019-03-11 4:27,2.4,15,Ⅰ,33.47 N,126.40 E,제주 제주시 서남서쪽 13km 지역
902,2019-03-09 15:06,2,12,Ⅱ,36.82 N,128.73 E,경북 봉화군 남쪽 8km 지역
901,2019-03-03 14:25,2.5,-,Ⅰ,39.63 N,127.12 E,북한 함경남도 금야 북서쪽 15km 지역
900,2019-02-27 21:22,2.2,12,Ⅰ,37.31 N,124.74 E,인천 옹진군 백령도 남쪽 72km 해역
899,2019-02-25 9:30,2.9,10,Ⅲ,36.77 N,129.03 E,경북 영양군 북북서쪽 14km 지역
898,2019-02-20 22:14,2.9,14,Ⅰ,36.51 N,125.50 E,충남 태안군 서격렬비도 남남서쪽 12km 해역
897,2019-02-18 5:33,2.4,19,Ⅱ,36.72 N,128.41 E,경북 예천군 북북서쪽 8km 지역
896,2019-02-17 22:19,2.6,12,Ⅲ,33.29 N,126.25 E,제주 서귀포시 서쪽 29km 지역
895,2019-02-13 5:16,2.7,21,Ⅰ,38.90 N,125.86 E,북한 평양 남동쪽 17km 지역
894,2019-02-10 14:12,2.5,21,Ⅰ,36.16 N,129.85 E,경북 포항시 북구 동북동쪽 45km 해역
893,2019-02-10 12:53,4.1,21,Ⅲ,36.16 N,129.90 E,경북 포항시 북구 동북동쪽 50km 해역
892,2019-01-31 19:57,2.2,19,Ⅰ,36.53 N,129.66 E,경북 영덕군 동북동쪽 29km 해역
891,2019-01-17 21:34,2.7,17,Ⅰ,33.94 N,127.62 E,전남 여수시 거문도 동남동쪽 30km 해역
890,2019-01-13 21:09,2,17,Ⅲ,37.02 N,127.93 E,충북 충주시 북쪽 3km 지역
889,2019-01-10 5:31,2.5,17,Ⅳ,35.79 N,129.20 E,경북 경주시 남남서쪽 5km 지역
888,2019-01-09 3:10,3.7,18,Ⅰ,37.37 N,124.23 E,인천 옹진군 백령도 남남서쪽 76km 해역
887,2019-01-02 13:12,2.2,5,Ⅰ,36.77 N,128.31 E,경북 문경시 북북동쪽 23km 지역
886,2019-01-02 7:20,2.8,12,,41.30 N,129.21 E,북한 함경북도 길주 북북서쪽 40km 지역
885,2019-01-01 6:49,3.1,19,Ⅲ,36.53 N,129.66 E,경북 영덕군 동북동쪽 29km 해역
884,2018-12-27 3:10,2,5,Ⅱ,36.99 N,128.89 E,경북 봉화군 북동쪽 18km 지역
883,2018-12-21 16:06,2.7,12,Ⅲ,35.76 N,127.95 E,경남 거창군 북북동쪽 9km 지역
882,2018-12-20 13:23,2,21,Ⅰ,35.88 N,129.69 E,경북 포항시 남구 동남동쪽 33km 해역
881,2018-12-17 2:16,2.2,20,Ⅱ,36.53 N,129.65 E,경북 영덕군 동북동쪽 28km 해역
880,2018-12-12 3:43,2.1,12,Ⅰ,35.72 N,126.78 E,전북 부안군 동남동쪽 4km 지역
879,2018-12-09 14:06,2.2,19,Ⅱ,35.86 N,129.69 E,경북 포항시 남구 동남동쪽 34km 해역
878,2018-12-08 4:16,2.4,17,Ⅰ,36.31 N,128.25 E,경북 구미시 북북서쪽 23km 지역
877,2018-12-05 8:28,2.5,17,Ⅰ,36.45 N,129.62 E,경북 영덕군 동쪽 23km 해역
876,2018-12-05 8:01,2.1,17,Ⅰ,36.45 N,129.62 E,경북 영덕군 동쪽 23km 해역
875,2018-11-29 14:52,2.1,17,Ⅰ,37.32 N,129.69 E,경북 울진군 북동쪽 44km 해역
874,2018-11-29 3:05,3.3,13,Ⅰ,34.94 N,124.53 E,전남 신안군 흑산도 서북서쪽 92km 해역
873,2018-11-25 23:27,2.1,12,Ⅰ,33.15 N,126.09 E,제주 서귀포시 서남서쪽 45km 해역
872,2018-11-25 2:58,2.2,-,Ⅰ,38.73 N,125.92 E,북한 황해북도 송림 동쪽 25km 지역
871,2018-11-24 8:16,2.9,10,Ⅰ,38.70 N,127.16 E,북한 강원 평강 북북서쪽 34km 지역
870,2018-11-22 18:36,2.2,19,Ⅰ,35.91 N,129.71 E,경북 포항시 남구 동남동쪽 33km 해역
869,2018-11-20 14:10,2.3,17,Ⅰ,33.52 N,127.29 E,전남 여수시 거문도 남쪽 57km 해역
868,2018-11-19 3:34,2.1,19,,36.42 N,127.30 E,대전 유성구 북서쪽 8km 지역
867,2018-11-05 12:07,3.1,15,Ⅰ,37.85 N,124.87 E,인천 옹진군 백령도 남동쪽 20km 해역
866,2018-11-05 12:01,3.2,-,Ⅱ,37.80 N,124.90 E,인천 옹진군 백령도 남동쪽 26km 해역
865,2018-11-04 17:04,2.5,15,Ⅱ,36.08 N,128.25 E,경북 김천시 동남동쪽 14km 지역
864,2018-10-25 5:53,2.3,16,,35.76 N,129.19 E,경북 경주시 남남서쪽 9km 지역
863,2018-10-24 15:14,2.2,7,Ⅰ,38.04 N,125.37 E,북한 황해남도 옹진 북쪽 12km 지역
862,2018-10-22 12:09,2.1,11,Ⅰ,35.61 N,124.94 E,전북 군산시 어청도 서남서쪽 109km 해역
861,2018-10-20 1:22,2.6,-,Ⅰ,37.26 N,129.96 E,경북 울진군 동북동쪽 58km 해역
860,2018-10-17 3:14,2,14,Ⅱ,36.16 N,127.30 E,충남 논산시 동쪽 18km 지역
859,2018-10-14 14:46,2.4,-,Ⅰ,37.49 N,124.58 E,인천 옹진군 백령도 남쪽 52km 해역
858,2018-10-12 16:43,2.3,13,Ⅰ,38.67 N,127.18 E,북한 강원 평강 북북서쪽 30km 지역
857,2018-09-27 12:24,2.4,-,Ⅰ,38.74 N,125.70 E,북한 황해북도 송림 동쪽 6km 지역
856,2018-09-25 4:05,2.5,16,Ⅰ,33.46 N,125.80 E,제주 제주시 서쪽 68km 해역
855,2018-09-24 17:38,2.8,-,Ⅰ,40.20 N,127.70 E,북한 함경남도 신흥 북동쪽 30km 지역
854,2018-09-17 10:52,2.4,12,Ⅱ,36.05 N,129.69 E,경북 포항시 북구 동쪽 29km 해역
853,2018-09-15 21:45,2.4,-,Ⅰ,37.07 N,129.91 E,경북 울진군 동쪽 46km 해역
852,2018-09-14 9:08,2.2,14,Ⅱ,36.78 N,128.36 E,경북 문경시 북동쪽 26km 지역
851,2018-08-29 5:01,2.5,11,Ⅰ,37.00 N,129.32 E,경북 울진군 서쪽 7km 지역
850,2018-08-24 21:28,2.1,18,Ⅰ,34.33 N,127.42 E,전남 고흥군 남남동쪽 34km 해역
849,2018-08-24 2:57,2.6,12,Ⅰ,37.92 N,125.68 E,북한 황해남도 해주 남남서쪽 14km 지역
848,2018-08-15 3:02,2.5,26,Ⅰ,37.27 N,130.63 E,경북 울릉군 울릉도 남서쪽 34km 해역
847,2018-08-10 21:41,2.4,-,Ⅰ,33.21 N,127.53 E,제주 서귀포시 동쪽 90km 해역
846,2018-08-09 0:23,2.1,-,Ⅰ,37.03 N,125.27 E,충남 태안군 서격렬비도 북북서쪽 53km 해역
845,2018-08-09 0:21,2.1,-,Ⅰ,37.03 N,125.30 E,충남 태안군 서격렬비도 북북서쪽 51km 해역
844,2018-07-22 13:59,2.9,13,Ⅰ,33.41 N,125.91 E,제주 제주시 서쪽 58km 해역
843,2018-07-21 23:30,2.2,13,Ⅱ,34.47 N,127.25 E,전남 고흥군 남남서쪽 16km 해역
842,2018-07-20 12:29,2.3,21,Ⅰ,35.84 N,129.79 E,경북 포항시 남구 동남동쪽 43km 해역
841,2018-07-20 12:14,2.4,20,Ⅰ,36.01 N,126.16 E,전북 군산시 어청도 남동쪽 21km 해역
840,2018-07-19 5:52,2.5,23,Ⅰ,35.83 N,129.80 E,경북 포항시 남구 동남동쪽 44km 해역
839,2018-07-17 20:19,2.7,-,Ⅳ,35.91 N,127.81 E,전북 무주군 남동쪽 17km 지역
838,2018-07-04 4:39,2.1,10,,37.30 N,127.70 E,경기 여주시 동쪽 6km 지역
837,2018-07-01 15:33,2.2,18,,37.63 N,129.48 E,강원 삼척시 북동쪽 34km 해역
836,2018-06-28 21:03,2.2,-,,36.99 N,125.25 E,충남 태안군 서격렬비도 북북서쪽 50km 해역
835,2018-06-28 18:43,2.7,9,Ⅲ,38.18 N,127.34 E,강원 철원군 북북동쪽 4km 지역
834,2018-06-20 23:06,2.1,14,,34.90 N,124.81 E,전남 신안군 흑산면 서북서쪽 66km 해역
833,2018-06-16 21:05,2.3,-,,37.19 N,129.08 E,강원 삼척시 남남서쪽 30km 지역
832,2018-06-15 11:10,2.1,14,,36.39 N,128.49 E,경북 의성군 서북서쪽 19km 지역
831,2018-06-09 17:38,2.3,18,Ⅰ,35.87 N,129.73 E,경북 포항시 남구 동남동쪽 37km 해역
830,2018-05-31 16:38,2.8,8,,38.53 N,127.68 E,북한 강원 회양 남남동쪽 19km 지역
829,2018-05-31 0:13,2.6,17,,36.22 N,129.38 E,경북 포항시 북구 북쪽 20km 지역
828,2018-05-22 0:12,2.2,18,,36.37 N,129.49 E,경북 영덕군 동남동쪽 12km 해역
827,2018-05-20 13:58,2,10,,34.16 N,125.61 E,전남 신안군 흑산면 남남동쪽 56km 해역
826,2018-05-14 2:07,2.5,16,,33.62 N,125.58 E,제주 제주시 고산 서북서쪽 65km 해역
825,2018-05-07 1:52,2,16,,36.72 N,128.37 E,경북 예천군 북서쪽 10km 지역
824,2018-05-04 19:20,2,12,,36.10 N,127.70 E,충북 영동군 남서쪽 11km 지역
823,2018-05-02 12:34,2.5,11,,36.56 N,127.63 E,충북 보은군 북서쪽 11km 지역
822,2018-05-01 19:09,2,15,,35.77 N,129.20 E,경북 경주시 남쪽 8km 지역
821,2018-04-24 5:20,2.5,10,,37.06 N,125.92 E,인천 옹진군 덕적도 남서쪽 27km 해역
820,2018-04-23 13:10,2.4,17,,33.21 N,126.40 E,제주 서귀포시 서남서쪽 16km 해역
819,2018-04-23 4:31,2.3,-,,41.35 N,129.12 E,북한 함경북도 길주 북북서쪽 47km 지역
818,2018-04-09 12:15,2.4,16,,35.76 N,129.19 E,경북 경주시 남남서쪽 8km 지역
817,2018-04-06 21:09,2.6,24,,36.08 N,129.82 E,경북 포항시 북구 동쪽 41km 해역
816,2018-03-31 0:20,2,8,,36.10 N,129.36 E,경북 포항시 북구 북쪽 7km 지역
815,2018-03-26 9:40,2.7,-,,37.78 N,124.84 E,인천 백령도 남동쪽 24km 해역
814,2018-03-16 18:02,2.7,12,,36.10 N,129.35 E,경북 포항시 북구 북북서쪽 7km 지역
813,2018-03-16 0:23,2,6,,36.98 N,128.42 E,충북 단양군 동남동쪽 5km 지역
812,2018-03-10 1:31,2.8,6,,36.14 N,129.37 E,경북 포항시 북구 북쪽 11km 지역
811,2018-03-09 18:05,2.2,7,,36.95 N,126.45 E,충남 서산시 북쪽 18km 지역
810,2018-03-08 23:38,2,17,,35.31 N,127.32 E,전남 곡성군 북동쪽 4km 지역
809,2018-03-08 23:16,2,15,,35.30 N,127.33 E,전남 곡성군 동북동쪽 4km 지역
808,2018-03-04 0:52,2.6,9,,38.13 N,130.33 E,경북 울릉군 북서쪽 88km 해역
807,2018-02-27 13:14,2.4,13,,37.09 N,124.87 E,충남 태안군 서격렬비도 북서쪽 80km 해역
806,2018-02-26 11:06,2.5,6,,34.52 N,125.32 E,전남 신안군 흑산면 남서쪽 20km 해역
805,2018-02-26 2:23,2.4,16,,33.97 N,126.87 E,전남 완도군 남남동쪽 39km 해역
804,2018-02-18 3:34,2.4,9,,36.07 N,129.33 E,경북 포항시 북구 북서쪽 4km 지역
803,2018-02-17 23:38,2.2,10,,36.10 N,129.35 E,경북 포항시 북구 북북서쪽 6km 지역
802,2018-02-17 21:31,2.6,8,,36.09 N,129.33 E,경북 포항시 북구 북북서쪽 6km 지역
801,2018-02-17 18:35,2,12,,36.11 N,129.37 E,경북 포항시 북구 북쪽 8km 지역
800,2018-02-14 2:14,2.3,8,,37.80 N,125.38 E,북한 황해남도 옹진 남쪽 14km 해역
799,2018-02-13 10:32,2.5,10,,36.12 N,129.37 E,경북 포항시 북구 북쪽 9km 지역
798,2018-02-13 6:30,2.6,9,,36.07 N,129.33 E,경북 포항시 북구 북서쪽 5km 지역
797,2018-02-11 12:49,2.4,16,,36.08 N,129.33 E,경북 포항시 북구 북서쪽 5km 지역
796,2018-02-11 12:14,2.1,9,,36.08 N,129.32 E,경북 포항시 북구 북서쪽 6km 지역
795,2018-02-11 8:11,2.1,13,,36.08 N,129.34 E,경북 포항시 북구 북북서쪽 5km 지역
794,2018-02-11 5:38,2.1,10,,36.09 N,129.32 E,경북 포항시 북구 북서쪽 7km 지역
793,2018-02-11 5:18,2.1,8,,36.07 N,129.32 E,경북 포항시 북구 북서쪽 5km 지역
792,2018-02-11 5:14,2.2,10,,36.08 N,129.33 E,경북 포항시 북구 북서쪽 5km 지역
791,2018-02-11 5:12,2.2,11,,36.07 N,129.34 E,경북 포항시 북구 북서쪽 4km 지역
790,2018-02-11 5:07,2.5,12,,36.08 N,129.33 E,경북 포항시 북구 북서쪽 5km 지역
789,2018-02-11 5:03,4.6,14,,36.08 N,129.33 E,경북 포항시 북구 북서쪽 5km 지역
788,2018-02-10 1:32,2.4,10,,36.60 N,125.76 E,충남 태안군 서격렬비도 동쪽 20km 해역
787,2018-02-09 0:43,2.5,-,,33.92 N,125.22 E,전남 신안군 흑산면 남남서쪽 85km 해역
786,2018-02-08 9:56,2.7,9,,35.10 N,124.99 E,전남 신안군 흑산면 북서쪽 67km 해역
785,2018-02-08 6:46,2.7,-,,41.32 N,129.09 E,북한 함경북도 길주 북북서쪽 45km 지역
784,2018-02-06 19:53,2.6,-,,41.33 N,129.10 E,북한 함경북도 길주 북북서쪽 46Km 지역
783,2018-02-06 9:18,2.5,12,,36.08 N,129.33 E,경북 포항시 북구 북서쪽 5km 지역
782,2018-02-04 22:20,2.3,8,,36.06 N,129.31 E,경북 포항시 북구 서북서쪽 5km 지역
781,2018-02-04 18:50,2.8,14,,36.37 N,127.62 E,충북 옥천군 북북동쪽 8km 지역
780,2018-02-04 15:43,2.1,7,,36.11 N,129.36 E,경북 포항시 북구 북쪽 8km 지역
779,2018-02-03 12:35,2.6,19,,33.77 N,127.40 E,전남 여수시 거문도 남남동쪽 30km 해역
778,2018-02-03 11:12,2,6,,36.14 N,129.36 E,경북 포항시 북구 북쪽 11km 지역
777,2018-02-02 12:21,2.9,9,,36.12 N,129.37 E,경북 포항시 북구 북쪽 9km 지역
776,2018-01-28 20:07,3.2,6,,40.24 N,127.30 E,북한 함경남도 장진 남남동쪽 16km 지역
775,2018-01-24 1:25,2.4,16,,34.32 N,127.32 E,전남 여수시 거문도 북쪽 32km 해역
774,2018-01-10 18:42,2,20,,36.26 N,127.34 E,대전 서구 남남서쪽 12km 지역
773,2018-01-09 16:17,2.1,20,,33.98 N,127.11 E,전남 여수시 거문도 서남서쪽 19km 해역
772,2018-01-06 2:47,2.2,12,,37.71 N,125.94 E,북한 인천 옹진군 연평도 동북동쪽 21km 해역
771,2018-01-01 19:11,2,8,,36.11 N,129.36 E,경북 포항시 북구 북쪽 8km 지역
770,2018-01-01 18:35,2.1,-,,38.33 N,126.16 E,북한 황해북도 평산 서쪽 20km 지역
769,2017-12-30 19:44,2,17,,35.76 N,129.17 E,경북 경주시 남남서쪽 9km 지역
768,2017-12-29 17:40,2.1,10,,36.11 N,129.34 E,경북 포항시 북구 북북서쪽 8km 지역
767,2017-12-27 19:42,2.3,8,,36.11 N,129.36 E,경북 포항시 북구 북쪽 7km 지역
766,2017-12-27 19:27,2.8,8,,36.11 N,129.36 E,경북 포항시 북구 북쪽 7km 지역
765,2017-12-26 4:05,2.2,6,,36.14 N,129.37 E,경북 포항시 북구 북쪽 11km 지역
764,2017-12-25 16:32,2.1,8,,36.11 N,129.36 E,경북 포항시 북구 북쪽 7km 지역
763,2017-12-25 16:19,3.5,10,,36.11 N,129.36 E,경북 포항시 북구 북쪽 8km 지역
762,2017-12-22 12:35,2.2,0,,39.31 N,127.15 E,북한 함경남도 고원 남남서쪽 15km 지역
761,2017-12-21 12:01,2,5,,36.72 N,128.01 E,경북 문경시 북서쪽 21km 지역
760,2017-12-20 19:22,2.3,18,,36.09 N,125.64 E,충남 태안군 서격렬비도 남쪽 57km 해역
759,2017-12-19 13:34,2.1,7,,35.77 N,129.42 E,경북 경주시 동남동쪽 20km 지역
758,2017-12-12 10:06,2.5,0,,38.32 N,126.18 E,북한 황해북도 평산 서쪽 19km 지역
757,2017-12-09 16:15,2.3,23,,35.61 N,129.99 E,울산 동구 동북동쪽 54km 해역
756,2017-12-09 15:40,2.8,0,,41.31 N,129.11 E,북한 함경북도 길주 북북서쪽 43km 지역
755,2017-12-09 15:13,3,16,,41.32 N,129.10 E,북한 함경북도 길주 북북서쪽 45km 지역
754,2017-12-09 2:39,2.3,9,,36.10 N,129.35 E,경북 포항시 북구 북북서쪽 7km 지역
753,2017-12-09 1:49,2.2,8,,36.10 N,129.35 E,경북 포항시 북구 북북서쪽 7km 지역
752,2017-12-05 23:40,2.7,4,,41.32 N,129.13 E,북한 함경북도 길주 북북서쪽 44km 지역
751,2017-12-05 21:19,2.1,11,,36.02 N,129.45 E,경북 포항시 남구 동쪽 9km 해역
750,2017-12-04 21:55,2.5,21,,33.42 N,127.15 E,제주 서귀포시 성산 동쪽 25km 해역
749,2017-12-03 1:13,2.1,13,,36.75 N,128.82 E,경북 안동시 북북동쪽 22km 지역
748,2017-12-02 7:45,2.5,0,,41.32 N,129.20 E,북한 함경북도 길주 북북서쪽 43km 지역
747,2017-12-01 16:23,2.7,8,,33.24 N,127.32 E,제주 서귀포시 성산 동남동쪽 44km 해역
746,2017-12-01 8:03,2.4,7,,36.10 N,129.35 E,경북 포항시 북구 북북서쪽 7km 지역
745,2017-11-26 3:13,2.9,13,,36.69 N,124.65 E,충남 태안군 서격렬비도 서쪽 79km 해역
744,2017-11-25 14:10,2.3,8,,36.11 N,129.35 E,경북 포항시 북구 북쪽 7km 지역
743,2017-11-25 12:51,2,8,,36.10 N,129.35 E,경북 포항시 북구 북쪽 7km 지역
742,2017-11-24 21:27,2.3,13,,34.05 N,125.57 E,전남 신안군 흑산면 남쪽 68km 해역
741,2017-11-24 1:17,2.3,8,,36.11 N,129.35 E,경북 포항시 북구 북쪽 7km 지역
740,2017-11-24 0:29,2.6,0,,37.23 N,125.04 E,인천 옹진군 연평도 남서쪽 76km 해역
739,2017-11-23 23:27,2.3,14,,36.11 N,129.37 E,경북 포항시 북구 북쪽 8km 지역
738,2017-11-22 22:15,2,8,,36.12 N,129.35 E,경북 포항시 북구 북쪽 9km 지역
737,2017-11-22 12:41,2.5,8,,36.10 N,129.35 E,경북 포항시 북구 북북서쪽 6km 지역
736,2017-11-21 9:53,2.4,0,,36.11 N,129.33 E,경북 포항시 북구 북북서쪽 8km 지역
735,2017-11-21 8:57,2.1,9,,36.09 N,129.34 E,경북 포항시 북구 북북서쪽 5km 지역
734,2017-11-21 5:58,2,13,,36.09 N,129.35 E,경북 포항시 북구 북쪽 6km 지역
733,2017-11-20 6:05,3.6,12,,36.14 N,129.36 E,경북 포항시 북구 북쪽 11km 지역
732,2017-11-19 23:45,3.5,9,,36.12 N,129.36 E,경북 포항시 북구 북쪽 9km 지역
731,2017-11-19 6:40,2.2,11,,36.09 N,129.34 E,경북 포항시 북구 북북서쪽 6km 지역
730,2017-11-19 5:07,2.1,8,,36.12 N,129.38 E,경북 포항시 북구 북쪽 9km 지역
729,2017-11-19 3:33,2.4,12,,36.09 N,129.35 E,경북 포항시 북구 북북서쪽 6km 지역
728,2017-11-19 1:18,2,8,,36.11 N,129.34 E,경북 포항시 북구 북북서쪽 8km 지역
727,2017-11-17 18:57,2.6,12,,36.10 N,129.35 E,경북 포항시 북구 북북서쪽 6km 지역
726,2017-11-17 8:25,2.1,11,,36.12 N,129.37 E,경북 포항시 북구 북쪽 8km지역
725,2017-11-17 1:17,2.1,11,,36.08 N,129.33 E,경북 포항시 북구 북북서쪽 6km지역
724,2017-11-16 19:05,2.4,9,,36.12 N,129.36 E,경북 포항시 북구 북쪽 9km지역
723,2017-11-16 17:32,2.2,8,,36.12 N,129.36 E,경북 포항시 북구 북쪽 9km지역
722,2017-11-16 17:31,2,8,,36.11 N,129.37 E,경북 포항시 북구 북쪽 7km지역
721,2017-11-16 16:48,2.4,12,,36.12 N,129.36 E,경북 포항시 북구 북쪽 8km 지역
720,2017-11-16 14:31,2,10,,36.10 N,129.34 E,경북 포항시 북구 북북서쪽 7km 지역
719,2017-11-16 14:04,2.3,7,,36.13 N,129.37 E,경북 포항시 북구 북쪽 10km 지역
718,2017-11-16 10:37,2.3,11,,36.10 N,129.35 E,경북 포항시 북구 북북서쪽 6km 지역
717,2017-11-16 9:47,2.1,11,,36.12 N,129.37 E,경북 포항시 북구 북쪽 9km 지역
716,2017-11-16 9:02,3.6,8,,36.12 N,129.37 E,경북 포항시 북구 북쪽 8km 지역
715,2017-11-16 5:54,2.5,10,,36.09 N,129.34 E,경북 포항시 북구 북북서쪽 6km 지역
714,2017-11-16 5:03,2,8,,36.08 N,129.34 E,경북 포항시 북구 북북서쪽 5km 지역
713,2017-11-16 2:37,2.3,8,,36.14 N,129.37 E,경북 포항시 북구 북쪽 11km 지역
712,2017-11-16 1:36,2.5,13,,36.14 N,129.36 E,경북 포항시 북구 북쪽 10km 지역
711,2017-11-16 1:23,2.1,11,,36.09 N,129.35 E,경북 포항시 북구 북북서쪽 6km 지역
710,2017-11-16 0:38,2,9,,36.09 N,129.35 E,경북 포항시 북구 북북서쪽 6km 지역
709,2017-11-16 0:21,2.4,8,,36.14 N,129.35 E,경북 포항시 북구 북쪽 10km 지역
708,2017-11-15 23:18,2.1,10,,36.13 N,129.38 E,경북 포항시 북구 북쪽 10km 지역
707,2017-11-15 23:05,2,12,,36.10 N,129.36 E,경북 포항시 북구 북쪽 6km 지역
706,2017-11-15 22:43,2.1,10,,36.10 N,129.36 E,경북 포항시 북구 북쪽 7km 지역
705,2017-11-15 22:24,2.1,7,,36.14 N,129.38 E,경북 포항시 북구 북쪽 11km 지역
704,2017-11-15 21:59,2.1,7,,36.14 N,129.36 E,경북 포항시 북구 북쪽 10km 지역
703,2017-11-15 21:35,2,10,,36.11 N,129.36 E,경북 포항시 북구 북쪽 8km 지역
702,2017-11-15 20:54,2.4,10,,36.10 N,129.35 E,경북 포항시 북구 북북서쪽 7km 지역
701,2017-11-15 18:59,2.1,9,,36.11 N,129.35 E,경북 포항시 북구 북쪽 8km 지역
700,2017-11-15 18:58,2.2,8,,36.10 N,129.35 E,경북 포항시 북구 북북서쪽 7km 지역
699,2017-11-15 18:57,2.3,8,,36.11 N,129.35 E,경북 포항시 북구 북북서쪽 8km 지역
698,2017-11-15 18:51,2,11,,36.14 N,129.38 E,경북 포항시 북구 북쪽 11km 지역
697,2017-11-15 18:48,2.1,5,,36.14 N,129.38 E,경북 포항시 북구 북쪽 11km 지역
696,2017-11-15 18:41,2.1,11,,36.09 N,129.32 E,경북 포항시 북구 북서쪽 6km 지역
695,2017-11-15 17:42,2.2,10,,36.14 N,129.37 E,경북 포항시 북구 북쪽 11km 지역
694,2017-11-15 17:11,2.8,0,,36.08 N,129.31 E,경북 포항시 북구 북서쪽 7km 지역
693,2017-11-15 16:57,2.2,7,,36.14 N,129.37 E,경북 포항시 북구 북쪽 11km 지역
692,2017-11-15 16:49,4.3,10,,36.12 N,129.36 E,경북 포항시 북구 북쪽 9km 지역
691,2017-11-15 16:18,2,6,,36.14 N,129.36 E,경북 포항시 북구 북쪽 11km 지역
690,2017-11-15 16:16,2.4,8,,36.09 N,129.35 E,경북 포항시 북구 북북서쪽 6km 지역
689,2017-11-15 16:11,2.9,12,,36.13 N,129.36 E,경북 포항시 북구 북쪽 10km 지역
688,2017-11-15 15:55,2.2,10,,36.12 N,129.37 E,경북 포항시 북구 북쪽 9km 지역
687,2017-11-15 15:36,2.3,7,,36.09 N,129.33 E,경북 포항시 북구 북북서쪽 6km 지역
686,2017-11-15 15:23,2.6,11,,36.09 N,129.35 E,경북 포항시 북구 북북서쪽 6km 지역
685,2017-11-15 15:19,2.4,11,,36.14 N,129.38 E,경북 포항시 북구 북쪽 11km 지역
684,2017-11-15 15:14,2.5,9,,36.11 N,129.35 E,경북 포항시 북구 북쪽 8km 지역
683,2017-11-15 15:09,3.5,8,,36.09 N,129.34 E,경북 포항시 북구 북북서쪽 6km 지역
682,2017-11-15 15:00,2.9,8,,36.11 N,129.35 E,경북 포항시 북구 북쪽 7km 지역
681,2017-11-15 14:58,2.9,0,,36.12 N,129.37 E,경북 포항시 북구 북쪽 9km 지역
680,2017-11-15 14:56,2.8,12,,36.10 N,129.35 E,경북 포항시 북구 북북서쪽 7km 지역
679,2017-11-15 14:52,2.4,9,,36.11 N,129.35 E,경북 포항시 북구 북쪽 8km 지역
678,2017-11-15 14:50,2.4,8,,36.10 N,129.36 E,경북 포항시 북구 북쪽 6km 지역
677,2017-11-15 14:46,2.5,6,,36.12 N,129.39 E,경북 포항시 북구 북북동쪽 9km 지역
676,2017-11-15 14:32,3.6,8,,36.10 N,129.36 E,경북 포항시 북구 북쪽 7km 지역
675,2017-11-15 14:29,5.4,7,,36.11 N,129.37 E,경북 포항시 북구 북쪽 8km 지역
674,2017-11-15 14:22,2.6,0,,36.08 N,129.31 E,경북 포항시 북구 북서쪽 7km 지역
673,2017-11-15 14:22,2.2,8,,36.11 N,129.36 E,경북 포항시 북구 북쪽 7km 지역
672,2017-11-14 2:17,2.7,4,,37.29 N,124.82 E,인천 백령도 남쪽 75km 해역
671,2017-11-11 17:18,2.2,18,,34.84 N,127.46 E,전남 순천시 남남서쪽 12km 지역
670,2017-11-09 13:29,2,16,,35.75 N,129.18 E,경북 경주시 남남서쪽 10km 지역
669,2017-11-08 17:52,2,9,,35.16 N,128.57 E,경남 창원 마산합포구 남쪽 4km 지역
668,2017-11-08 9:35,2.5,13,,33.05 N,126.20 E,제주 제주시 고산 남쪽 28km 해역
667,2017-10-30 11:02,2.1,10,,36.42 N,126.48 E,충남 보령시 북서쪽 15km 해역
666,2017-10-29 2:14,2.2,12,,34.39 N,127.34 E,전남 고흥군 남남동쪽 25km 해역
665,2017-10-21 13:11,2.7,12,,33.63 N,126.05 E,제주 제주시 고산 북북서쪽 39km 해역
664,2017-10-20 12:20,2.2,10,,38.44 N,126.16 E,북한 황해북도 평산 서북서쪽 24km 지역
663,2017-10-20 6:41,2,13,,35.90 N,127.54 E,전북 진안군 북동쪽 15km 지역
662,2017-10-18 4:56,2.6,16,,36.59 N,129.45 E,경북 영덕군 북북동쪽 20km 해역
661,2017-10-16 15:51,2.5,14,,35.79 N,129.19 E,경북 경주시 남남서쪽 6km 지역
660,2017-10-16 6:08,2.8,18,,33.86 N,125.30 E,전남 신안군 흑산면 남쪽 89km 해역
659,2017-10-13 1:41,2.7,3,,41.39 N,129.03 E,북한 함경북도 길주 북북서쪽 54km 지역
658,2017-10-08 12:18,2.8,16,,34.84 N,127.25 E,전남 보성군 동북동쪽 17km 지역
657,2017-10-04 12:10,2.1,11,,36.16 N,127.13 E,충남 논산시 남동쪽 4km 지역
656,2017-10-04 2:11,2.4,22,,35.56 N,129.88 E,울산 동구 동쪽 42km 해역
655,2017-09-30 15:34,2.5,18,,33.42 N,127.15 E,제주 서귀포시 성산 동쪽 25km 해역
654,2017-09-23 17:29,3.2,0,,41.35 N,129.06 E,북한 함경북도 길주 북북서쪽 49km 지역
653,2017-09-23 13:43,2.6,2,,41.35 N,129.06 E,북한 함경북도 길주 북북서쪽 49km 지역
652,2017-09-16 1:34,2.2,19,,34.25 N,127.13 E,전남 여수시 거문도 북서쪽 29km 해역
651,2017-09-11 17:25,3.2,0,,35.29 N,124.16 E,전남 신안군 흑산면 서북서쪽 139km 해역
650,2017-09-07 14:58,2.9,19,,37.60 N,125.34 E,인천 옹진군 연평도 서남서쪽 33km 해역
649,2017-09-01 5:57,2.1,18,,36.42 N,127.21 E,충남 공주시 동남동쪽 9km 지역
648,2017-08-29 22:06,2.4,7,,35.31 N,125.36 E,전남 영광군 안마도 서쪽 61km 해역
647,2017-08-21 1:30,2.1,0,,38.82 N,126.13 E,북한 평양 동남동쪽 39km 지역
646,2017-08-16 0:35,2.5,0,,38.73 N,125.69 E,북한 황해북도 송림 동쪽 5km 지역
645,2017-08-15 21:32,2.6,0,,38.73 N,125.67 E,북한 황해북도 송림 동쪽 3km 지역
644,2017-08-09 13:53,2.7,12,,33.87 N,125.52 E,전남 신안군 흑산면 남쪽 87km 해역
643,2017-08-07 20:53,2.6,0,,38.70 N,125.63 E,북한 황해북도 송림 남남서쪽 4km 지역
642,2017-07-20 14:38,2,11,,37.39 N,129.54 E,강원 삼척시 동남동쪽 33km 해역
641,2017-07-19 10:23,2.2,28,,33.77 N,126.12 E,제주 제주시 북서쪽 48km 해역
640,2017-07-18 10:31,2.7,16,,37.69 N,126.19 E,인천 강화군 서남서쪽 27km 해역
639,2017-07-09 3:43,2.1,18,,33.51 N,125.73 E,제주 제주시 고산 서북서쪽 47km 해역
638,2017-07-08 23:45,2.8,0,,40.40 N,127.29 E,북한 함경남도 장진 동북동쪽 5km 지역
637,2017-07-06 6:00,2.4,6,,36.00 N,127.94 E,경북 김천시 남서쪽 22km 지역
636,2017-07-05 19:17,2.5,5,,35.99 N,127.97 E,경북 김천시 남서쪽 21km 지역
635,2017-06-28 13:00,2.7,0,,40.00 N,125.81 E,북한 평안북도 영변 북쪽 22km 지역
634,2017-06-27 20:17,2,15,,35.77 N,129.20 E,경북 경주시 남남서쪽 8km 지역
633,2017-06-20 11:02,2,12,,35.85 N,129.08 E,경북 경주시 서쪽 12km 지역
632,2017-06-17 14:30,2.3,21,,33.38 N,127.21 E,제주 서귀포시 성산 동쪽 30km 해역
631,2017-06-15 16:56,2.4,13,,36.54 N,125.07 E,충남 태안군 서격렬비도 서쪽 42km 해역
630,2017-06-14 2:43,2.2,6,,38.34 N,126.14 E,북한 황해북도 평산 서쪽 22km 지역
629,2017-06-13 8:01,2.1,17,,35.74 N,129.18 E,경북 경주시 남남서쪽 11km 지역
628,2017-06-11 20:31,2.5,14,,35.77 N,129.17 E,경북 경주시 남남서쪽 9km 지역
627,2017-06-11 18:16,2,12,,37.28 N,129.21 E,강원 삼척시 남남동쪽 19km 지역
626,2017-06-04 5:16,2.1,18,,36.83 N,128.10 E,충북 충주시 남동쪽 24km 지역
625,2017-05-28 15:47,2.7,21,,35.67 N,129.56 E,울산 북구 동북동쪽 20km 해역
624,2017-05-25 11:20,3,24,,36.96 N,124.40 E,충남 태안군 서격렬비도 서북서쪽 109km 해역
623,2017-05-20 22:29,2.9,15,,37.73 N,129.62 E,강원 동해시 동북동쪽 50km 해역
622,2017-05-20 16:29,2,12,,35.92 N,128.27 E,경북 성주군 북서쪽 1km 지역
621,2017-05-16 23:29,2.2,6,,36.60 N,128.92 E,경북 안동시 동북동쪽 17km 지역
620,2017-05-16 20:06,2.1,0,,36.85 N,124.55 E,충남 태안군 서격렬비도 서북서쪽 92km 해역
619,2017-05-13 18:37,2.8,15,,36.61 N,129.44 E,경북 영덕군 북북동쪽 23km 해역
618,2017-05-10 22:31,2.1,16,,36.61 N,129.45 E,경북 영덕군 북북동쪽 23km 해역
617,2017-05-10 14:06,2.5,19,,35.88 N,126.19 E,전북 부안군 위도 북북서쪽 32km 해역
616,2017-05-05 23:16,3,11,,35.32 N,127.43 E,전남 구례군 북북서쪽 13km 지역
615,2017-05-05 0:02,2,15,,36.73 N,128.10 E,경북 문경시 북북서쪽 18km 지역
614,2017-05-04 21:46,2.4,14,,36.74 N,128.10 E,경북 문경시 북북서쪽 18km 지역
613,2017-05-04 1:08,2.6,16,,36.61 N,129.44 E,경북 영덕군 북북동쪽 22km 해역
612,2017-04-28 11:19,2.1,13,,36.60 N,128.81 E,경북 안동시 동북동쪽 8km 지역
611,2017-04-28 5:54,2.4,5,,33.33 N,127.85 E,제주 서귀포시 성산 동쪽 90km 해역
610,2017-04-20 16:00,3.2,0,,33.77 N,127.28 E,전남 여수시 거문도 남쪽 29km 해역
609,2017-04-18 17:36,2.1,12,,35.50 N,128.88 E,경남 밀양시 동쪽 12km 지역
608,2017-04-18 1:17,2,16,,35.76 N,129.18 E,경북 경주시 남남서쪽 9km 지역
607,2017-04-16 21:39,2.2,6,,36.70 N,125.18 E,충남 태안군 서격렬비도 서북서쪽 33km 해역
606,2017-04-15 17:16,2,8,,36.11 N,129.37 E,경북 포항시 북구 북쪽 8km 지역
605,2017-04-15 11:31,3.1,13,,36.11 N,129.36 E,경북 포항시 북구 북쪽 8km 지역
604,2017-04-15 5:41,2.2,15,,35.76 N,129.18 E,경북 경주시 남남서쪽 9km 지역
603,2017-04-10 4:02,2.3,17,,35.16 N,128.77 E,경남 창원시 진해구 동북동쪽 6km 지역
602,2017-04-09 14:12,2.4,5,,38.99 N,126.20 E,북한 평안남도 성천 남쪽 28km 지역
601,2017-04-09 1:45,2.1,13,,35.76 N,129.20 E,경북 경주시 남쪽 9km 지역
600,2017-04-08 23:13,2.1,0,,38.72 N,125.61 E,북한 황해북도 송림 북북서쪽 2km 지역
599,2017-04-08 18:20,2.7,11,,35.76 N,129.18 E,경북 경주시 남남서쪽 9km 지역
598,2017-04-07 0:04,2,4,,35.97 N,127.80 E,전북 무주군 동남동쪽 13km 지역
597,2017-04-04 23:25,2.2,21,,35.67 N,129.85 E,울산 동구 동북동쪽 43km 해역
596,2017-04-01 16:04,2.2,16,,35.78 N,129.20 E,경북 경주시 남남서쪽 7km 지역
595,2017-03-31 13:53,2.5,15,,35.78 N,129.20 E,경북 경주시 남남서쪽 6km 지역
594,2017-03-31 13:46,3.3,17,,35.78 N,129.20 E,경북 경주시 남남서쪽 7km 지역
593,2017-03-30 21:49,2,17,,35.76 N,129.19 E,경북 경주시 남남서쪽 9km 지역
592,2017-03-28 15:45,2,16,,35.79 N,129.20 E,경북 경주시 남남서쪽 5km 지역
591,2017-03-28 0:48,2.2,0,,37.17 N,125.48 E,인천 옹진군 연평도 남남서쪽 58km 해역
590,2017-03-27 9:28,2,9,,35.21 N,126.95 E,광주 북구 북동쪽 5km 지역
589,2017-03-21 23:19,2.4,0,,38.52 N,126.03 E,북한 황해북도 사리원 동쪽 23km 지역
588,2017-03-19 3:01,2.9,14,,33.32 N,127.18 E,제주 서귀포시 성산 동남동쪽 29km 해역
587,2017-03-14 5:41,2.1,22,,34.64 N,127.78 E,전남 여수시 남동쪽 17km 지역
586,2017-03-09 2:24,2,22,,35.82 N,129.78 E,경북 포항시 남구 동남동쪽 43km 해역
585,2017-03-07 6:53,2.6,0,,37.75 N,129.71 E,강원 동해시 동북동쪽 58km 해역
584,2017-03-07 3:48,2.2,20,,36.30 N,128.23 E,경북 구미시 북북서쪽 23km 지역
583,2017-03-06 6:21,2,1,,35.75 N,126.10 E,전북 부안군 위도 북서쪽 24km 해역
582,2017-03-05 19:19,2.1,7,,37.77 N,129.70 E,강원 동해시 동북동쪽 58km 해역
581,2017-03-05 15:09,2.1,9,,37.72 N,129.59 E,강원 동해시 동북동쪽 47km 해역
580,2017-03-05 9:28,2.4,8,,37.74 N,129.69 E,강원 동해시 동북동쪽 56km 해역
579,2017-03-05 9:18,3.2,13,,37.75 N,129.66 E,강원 동해시 동북동쪽 54km 해역
578,2017-03-05 7:52,2.4,17,,35.75 N,129.17 E,경북 경주시 남남서쪽 11km 지역
577,2017-03-04 6:33,2.3,7,,35.99 N,127.95 E,경북 김천시 남서쪽 22km 지역
576,2017-02-25 6:59,2.4,15,,35.74 N,129.18 E,경북 경주시 남남서쪽 11km 지역
575,2017-02-25 6:58,2.2,19,,35.74 N,129.17 E,경북 경주시 남남서쪽 12km 지역
574,2017-02-24 12:29,2.5,8,,38.89 N,126.09 E,북한 평양 동남동쪽 33km 지역
573,2017-02-24 11:34,2.3,14,,36.38 N,127.79 E,충북 옥천군 동북동쪽 21km 지역
572,2017-02-23 21:03,3.1,7,,37.40 N,124.89 E,인천 백령도 남남동쪽 64km 해역
571,2017-02-22 13:08,2.1,14,,35.77 N,129.18 E,경북 경주시 남남서쪽 8km 지역
570,2017-02-21 3:21,2.1,14,,35.76 N,129.20 E,경북 경주시 남쪽 9km 지역
569,2017-02-18 20:58,2.4,17,,35.23 N,126.94 E,광주 북구 북북동쪽 7km 지역
568,2017-02-18 16:53,2,15,,33.23 N,126.18 E,제주 서귀포시 서쪽 35km 해역
567,2017-02-16 18:20,2.3,17,,35.64 N,128.09 E,경남 합천군 북서쪽 11km 지역
566,2017-02-16 2:34,2.9,15,,35.78 N,129.20 E,경북 경주시 남남서쪽 7km 지역
565,2017-02-12 9:22,2.3,22,,35.69 N,129.58 E,울산 북구 동북동쪽 23km 해역
564,2017-02-10 18:01,2.6,0,,38.54 N,125.84 E,북한 황해북도 사리원 동북동쪽 8km 지역
563,2017-02-10 5:22,2.2,20,,35.65 N,129.57 E,울산 북구 동북동쪽 20km 해역
562,2017-02-05 20:06,2.6,3,,39.61 N,127.64 E,북한 함경남도 함흥 남남동쪽 34km 해역
561,2017-02-05 19:07,2.5,21,,33.61 N,126.73 E,제주 제주시 동북동쪽 22km 해역
560,2017-01-29 13:45,2.6,8,,38.70 N,127.16 E,북한 강원 평강 북북서쪽 34km 지역
559,2017-01-26 22:53,2,0,,33.54 N,126.87 E,제주 제주시 동쪽 32km 해역
558,2017-01-24 4:07,2.6,16,,35.77 N,129.17 E,경북 경주시 남남서쪽 9km 지역
557,2017-01-21 3:27,2.6,15,,35.75 N,129.18 E,경북 경주시 남남서쪽 10km 지역
556,2017-01-18 12:49,2.5,4,,35.02 N,125.06 E,전남 신안군 흑산면 북서쪽 56km 해역
555,2017-01-17 16:06,2.8,6,,38.71 N,125.86 E,북한 황해북도 송림 동쪽 20km 지역
554,2017-01-16 19:54,2.1,20,,36.33 N,126.59 E,충남 보령시 서쪽 2km 지역
553,2017-01-16 6:57,2.7,21,,33.64 N,127.51 E,전남 여수시 거문도 남남동쪽 47km 해역
552,2017-01-14 11:52,2.2,10,,35.17 N,127.79 E,경남 하동군 북북동쪽 12km 지역
551,2017-01-11 0:10,2.1,20,,36.44 N,128.42 E,경북 의성군 서북서쪽 27km 지역
550,2017-01-07 6:37,2.4,1,,38.69 N,125.73 E,북한 황해북도 송림 동남동쪽 10km 지역
549,2017-01-06 5:33,2.2,12,,35.75 N,129.18 E,경북 경주시 남남서쪽 10km 지역
548,2017-01-06 5:31,3.3,12,,35.75 N,129.17 E,경북 경주시 남남서쪽 11km 지역
547,2017-01-04 5:00,2.5,18,,36.58 N,129.24 E,경북 영덕군 북북서쪽 22km 지역
546,2016-12-31 8:01,2.6,0,,39.31 N,126.27 E,북한 평안남도 성천군 북북동쪽 9km 지역
545,2016-12-30 15:04,2.5,10,,38.64 N,125.76 E,북한 황해북도 사리원시 북쪽 15km 지역
544,2016-12-29 21:32,2.3,9,,36.12 N,129.36 E,경북 포항시 북구 북쪽 9km 지역
543,2016-12-29 5:53,2.6,6,,38.71 N,125.76 E,북한 황해북도 송림시 동남동쪽 11km 지역
542,2016-12-25 6:29,2.5,11,,35.78 N,129.31 E,경북 경주시 남동쪽 11km 지역
541,2016-12-25 1:59,2.4,17,,35.25 N,129.39 E,부산 기장군 동쪽 15km 해역
540,2016-12-23 5:31,2.2,10,,36.12 N,129.36 E,경북 포항시 북구 북쪽 9km 지역
539,2016-12-22 21:13,2.2,18,,34.45 N,128.54 E,경남 통영시 매물도 남쪽 22km 해역
538,2016-12-15 17:14,2.1,14,,35.76 N,129.19 E,경북 경주시 남남서쪽 9km 지역
537,2016-12-14 17:20,3.3,12,,35.76 N,129.17 E,경북 경주시 남남서쪽 10km 지역
536,2016-12-14 10:05,2.1,12,,36.54 N,128.08 E,경북 상주시 북북서쪽 16km 지역
535,2016-12-12 17:53,3.3,16,,35.76 N,129.18 E,경북 경주시 남남서쪽 9km 지역
534,2016-12-12 4:46,2.2,13,,35.76 N,129.18 E,경북 경주시 남남서쪽 9km 지역
533,2016-12-11 16:05,2.6,14,,36.07 N,125.57 E,충남 태안군 서격렬비도 남쪽 59km 해역
532,2016-12-10 15:51,2,12,,37.63 N,129.68 E,강원 삼척시 동북동쪽 50km 해역
531,2016-12-10 0:51,2.1,18,,35.77 N,129.17 E,경북 경주시 남남서쪽 9km 지역
530,2016-12-09 11:30,2.4,8,,35.69 N,129.36 E,경북 경주시 남동쪽 21km 지역
529,2016-12-07 22:34,2.4,0,,37.18 N,125.48 E,인천 옹진군 연평도 남남서쪽 57km 해역
528,2016-12-05 7:42,2.1,21,,35.81 N,129.72 E,경북 포항시 남구 남동쪽 39km 해역
527,2016-12-05 0:47,2.1,14,,35.77 N,129.18 E,경북 경주시 남남서쪽 8km 지역
526,2016-12-02 4:45,2.1,14,,35.76 N,129.19 E,경북 경주시 남남서쪽 9km 지역
525,2016-11-29 10:09,2.9,17,,33.40 N,125.72 E,제주 제주시 고산 서북서쪽 43km 해역
524,2016-11-28 23:33,2.2,10,,38.49 N,126.14 E,북한 황해북도 평산군 북서쪽 28km 지역
523,2016-11-28 20:57,2.4,18,,35.77 N,129.19 E,경북 경주시 남남서쪽 8km 지역
522,2016-11-27 20:08,2.2,12,,36.02 N,127.39 E,충남 금산군 남서쪽 13km 지역
521,2016-11-27 6:53,2.5,10,,36.34 N,127.33 E,대전 유성구 남서쪽 3km 지역
520,2016-11-25 18:53,2.3,14,,35.75 N,129.17 E,경북 경주시 남남서쪽 11km 지역
519,2016-11-19 3:29,2.1,14,,35.76 N,129.19 E,경북 경주시 남남서쪽 9km 지역
518,2016-11-18 2:02,2,13,,35.51 N,128.09 E,경남 합천군 남서쪽 9km 지역
517,2016-11-16 23:15,2.1,6,,34.86 N,125.08 E,전남 신안군 흑산면 서북서쪽 43km 해역
516,2016-11-15 16:27,2,18,,35.76 N,129.19 E,경북 경주시 남남서쪽 9km 지역
515,2016-11-15 12:22,2.5,9,,38.35 N,128.09 E,북한 강원도 금강군 남남동쪽 29km 지역
514,2016-11-13 21:52,3.5,10,,36.36 N,126.63 E,충남 보령시 북북동쪽 4km 지역
513,2016-11-13 2:27,2.3,0,,38.76 N,125.66 E,북한 황해북도 송림시 북동쪽 3km 지역
512,2016-11-10 22:37,2.5,18,,36.46 N,129.89 E,경북 영덕군 동쪽 47km 해역
511,2016-11-09 20:55,2.3,20,,36.55 N,129.60 E,경북 영덕군 북동쪽 26km 해역
510,2016-11-06 6:26,3.5,12,,33.76 N,125.07 E,전남 신안군 흑산면 남남서쪽 106km 해역
509,2016-11-03 23:35,2.6,16,,35.32 N,128.49 E,경남 함안군 북동쪽 9km 지역
508,2016-11-03 10:36,2.3,11,,35.76 N,129.19 E,경북 경주시 남남서쪽 9km 지역
507,2016-11-03 10:02,2.3,18,,35.76 N,129.19 E,경북 경주시 남남서쪽 9km 지역
506,2016-11-03 3:46,2.1,14,,35.75 N,129.18 E,경북 경주시 남남서쪽 10km 지역
505,2016-11-02 3:01,2.3,10,,33.53 N,126.88 E,제주 제주시 동쪽 33km 지역
504,2016-10-25 19:57,2.4,8,,35.70 N,129.37 E,경북 경주시 남동쪽 21km 지역
503,2016-10-25 3:23,2,15,,35.76 N,129.19 E,경북 경주시 남남서쪽 9km 지역
502,2016-10-24 9:02,2.2,7,,37.25 N,127.02 E,경기 수원시 권선구 동쪽 4km 지역
501,2016-10-23 3:00,2.7,14,,35.78 N,129.20 E,경북 경주시 남남서쪽 7km 지역
500,2016-10-21 12:47,2.6,12,,35.75 N,129.17 E,경북 경주시 남남서쪽 11km 지역
499,2016-10-21 10:13,2.2,14,,36.46 N,126.87 E,충남 청양군 동쪽 6km 지역
498,2016-10-20 12:17,2.4,15,,35.76 N,129.19 E,경북 경주시 남남서쪽 9km 지역
497,2016-10-15 23:49,2.2,12,,35.76 N,129.17 E,경북 경주시 남남서쪽 10km 지역
496,2016-10-15 18:55,2.5,16,,35.74 N,129.18 E,경북 경주시 남남서쪽 11km 지역
495,2016-10-14 8:20,2.3,15,,35.76 N,129.19 E,경북 경주시 남남서쪽 9km 지역
494,2016-10-12 0:29,2.9,18,,35.76 N,129.18 E,경북 경주시 남남서쪽 9km 지역
493,2016-10-10 22:59,3.3,17,,35.75 N,129.18 E,경북 경주시 남남서쪽 10km 지역
492,2016-10-09 14:03,2.2,11,,35.08 N,126.93 E,광주 동구 남쪽 7km 지역
491,2016-10-07 17:17,2.2,16,,35.77 N,129.23 E,경북 경주시 남쪽 10km 지역
490,2016-10-05 23:29,2.3,35,,38.76 N,125.62 E,북한 황해북도 송림시 북북서쪽 3km 지역
489,2016-10-04 15:16,2.6,15,,35.76 N,129.19 E,경북 경주시 남남서쪽9km 지역
488,2016-10-02 20:53,3,18,,35.75 N,129.19 E,경북 경주시 남남서쪽10km 지역
487,2016-10-01 17:00,2.3,15,,35.76 N,129.18 E,경북 경주시 남남서쪽 9km 지역
486,2016-10-01 13:04,2,15,,35.76 N,129.18 E,경북 경주시 남남서쪽 9km 지역
485,2016-09-30 21:52,2.2,15,,35.75 N,129.18 E,경북 경주시 남남서쪽 10km 지역
484,2016-09-30 18:06,2.3,16,,35.76 N,129.16 E,경북 경주시 남남서쪽 10km 지역
483,2016-09-30 16:24,2,17,,35.77 N,129.16 E,경북 경주시 남남서쪽 9km 지역
482,2016-09-30 11:09,2.1,15,,35.76 N,129.18 E,경북 경주시 남남서쪽 9km 지역
481,2016-09-28 21:10,2.7,15,,35.77 N,129.17 E,경북 경주시 남남서쪽 9km 지역
480,2016-09-28 19:00,2.6,0,,38.74 N,125.73 E,북한 황해북도 송림시 동쪽 8km 지역
479,2016-09-28 18:54,2.8,1,,38.74 N,125.69 E,북한 황해북도 송림시 동쪽 5km 지역
478,2016-09-28 16:34,3.1,13,,35.76 N,129.18 E,경북 경주시 남남서쪽 9km 지역
477,2016-09-24 19:56,2.5,15,,35.79 N,129.19 E,경북 경주시 남남서쪽 6km 지역
476,2016-09-23 18:21,2.1,17,,35.76 N,129.18 E,경북 경주시 남남서쪽 9km 지역
475,2016-09-22 3:22,2.1,14,,35.76 N,129.18 E,경북 경주시 남남서쪽 9km 지역
474,2016-09-22 0:01,2.3,16,,35.76 N,129.18 E,경북 경주시 남남서쪽 9km 지역
473,2016-09-21 11:53,3.5,18,,35.75 N,129.18 E,경북 경주시 남남서쪽 10km 지역
472,2016-09-21 11:36,2.2,16,,35.78 N,129.15 E,경북 경주시 남서쪽 9km 지역
471,2016-09-21 3:36,2.9,14,,35.77 N,129.18 E,경북 경주시 남남서쪽 8km 지역
470,2016-09-21 0:59,2.1,17,,35.76 N,129.18 E,경북 경주시 남남서쪽 9km 지역
469,2016-09-20 20:03,2.1,17,,35.77 N,129.19 E,경북 경주시 남남서쪽 8km 지역
468,2016-09-20 15:05,2.5,0,,38.36 N,128.09 E,북한 강원도 양구군 북북동쪽 29km 지역
467,2016-09-20 9:58,2.4,19,,35.76 N,129.20 E,경북 경주시 남쪽 9km 지역
466,2016-09-19 21:00,2.1,18,,35.75 N,129.17 E,경북 경주시 남남서쪽 11km 지역
465,2016-09-19 20:33,4.5,14,,35.74 N,129.18 E,경북 경주시 남남서쪽 11km 지역
464,2016-09-19 9:17,2.1,17,,35.76 N,129.17 E,경북 경주시 남남서쪽 10km 지역
463,2016-09-18 22:38,2,14,,35.75 N,129.18 E,경북 경주시 남남서쪽 10km 지역
462,2016-09-18 16:27,2.4,16,,35.76 N,129.17 E,경북 경주시 남남서쪽 10km 지역
461,2016-09-17 16:21,2.1,18,,35.76 N,129.18 E,경북 경주시 남남서쪽 9km 지역
460,2016-09-17 7:12,2.1,17,,35.76 N,129.18 E,경북 경주시 남남서쪽 9km 지역
459,2016-09-16 21:14,2.2,18,,35.76 N,129.18 E,경북 경주시 남남서쪽 9km 지역
458,2016-09-16 19:54,2.1,13,,35.74 N,129.17 E,경북 경주시 남남서쪽 12km 지역
457,2016-09-16 19:15,2,16,,35.76 N,129.18 E,경북 경주시 남남서쪽 10km 지역
456,2016-09-16 18:58,2,19,,35.75 N,129.18 E,경북 경주시 남남서쪽 10km 지역
455,2016-09-16 15:13,2.3,16,,35.76 N,129.17 E,경북 경주시 남남서쪽 10km 지역
454,2016-09-16 5:31,2.2,18,,35.78 N,129.19 E,경북 경주시 남남서쪽 7km 지역
453,2016-09-15 20:48,2.6,19,,35.76 N,129.19 E,경북 경주시 남남서쪽 9km 지역
452,2016-09-15 19:47,2.2,20,,35.77 N,129.19 E,경북 경주시 남남서쪽 8km 지역
451,2016-09-15 3:22,2.7,18,,35.76 N,129.18 E,경북 경주시 남쪽 9km 지역
450,2016-09-14 22:31,2.4,18,,35.76 N,129.17 E,경북 경주시 남남서쪽 10km 지역
449,2016-09-14 17:27,2.3,18,,35.77 N,129.17 E,경북 경주시 남남서쪽 9km 지역
448,2016-09-14 16:47,2.1,17,,35.77 N,129.18 E,경북 경주시 남남서쪽 8km 지역
447,2016-09-14 12:38,2.2,18,,35.78 N,129.19 E,경북 경주시 남남서쪽 7km 지역
446,2016-09-14 11:57,2.4,15,,33.93 N,126.62 E,전남 완도군 남남서쪽 44km 해역
445,2016-09-14 4:43,2.1,17,,35.77 N,129.17 E,경북 경주시 남남서쪽 9km 지역
444,2016-09-14 3:55,2.4,19,,35.76 N,129.18 E,경북 경주시 남남서쪽 9km 지역
443,2016-09-14 1:37,2.1,17,,35.77 N,129.18 E,경북 경주시 남남서쪽 8km 지역
442,2016-09-14 0:48,3,13,,35.75 N,129.18 E,경북 경주시 남남서쪽 11km 지역
441,2016-09-13 23:08,2.3,14,,35.73 N,129.36 E,경북 경주시 남동쪽 18km 지역
440,2016-09-13 21:49,2.1,16,,35.76 N,129.17 E,경북 경주시 남남서쪽 10km 지역
439,2016-09-13 18:54,2.1,18,,35.76 N,129.18 E,경북 경주시 남남서쪽 9km 지역
438,2016-09-13 17:15,2,17,,35.77 N,129.18 E,경북 경주시 남남서쪽 9km 지역
437,2016-09-13 16:52,2.5,19,,35.75 N,129.18 E,경북 경주시 남남서쪽 10km 지역
436,2016-09-13 16:21,2,18,,35.75 N,129.17 E,경북 경주시 남남서쪽 10km 지역
435,2016-09-13 16:02,2.5,17,,35.76 N,129.20 E,경북 경주시 남쪽 9km 지역
434,2016-09-13 14:41,2.1,16,,35.76 N,129.17 E,경북 경주시 남남서쪽 10km 지역
433,2016-09-13 14:31,3,14,,35.76 N,129.18 E,경북 경주시 남남서쪽 9km 지역
432,2016-09-13 13:18,2.1,16,,35.77 N,129.17 E,경북 경주시 남남서쪽 9km 지역
431,2016-09-13 13:16,2.4,16,,35.77 N,129.17 E,경북 경주시 남남서쪽 9km 지역
430,2016-09-13 13:09,2.3,16,,35.77 N,129.17 E,경북 경주시 남남서쪽 9km 지역
429,2016-09-13 12:33,2,18,,35.76 N,129.16 E,경북 경주시 남남서쪽 10km 지역
428,2016-09-13 12:27,2.2,18,,35.78 N,129.19 E,경북 경주시 남남서쪽 7km 지역
427,2016-09-13 10:58,2,18,,35.76 N,129.18 E,경북 경주시 남남서쪽 9km 지역
426,2016-09-13 10:44,2.2,18,,35.76 N,129.18 E,경북 경주시 남남서쪽 9km 지역
425,2016-09-13 10:05,2,18,,35.76 N,129.18 E,경북 경주시 남남서쪽 9km 지역
424,2016-09-13 10:01,2.3,18,,35.78 N,129.19 E,경북 경주시 남남서쪽 7km 지역
423,2016-09-13 9:23,2.3,17,,35.76 N,129.18 E,경북 경주시 남남서쪽 9km 지역
422,2016-09-13 8:47,2.3,17,,35.76 N,129.17 E,경북 경주시 남남서쪽 10km 지역
421,2016-09-13 8:24,3.2,14,,35.76 N,129.17 E,경북 경주시 남남서쪽 10km 지역
420,2016-09-13 7:47,2.4,17,,35.77 N,129.18 E,경북 경주시 남남서쪽 8km 지역
419,2016-09-13 7:03,2.1,18,,35.77 N,129.19 E,경북 경주시 남남서쪽 8km 지역
418,2016-09-13 6:48,2,16,,35.78 N,129.18 E,경북 경주시 남남서쪽 7km 지역
417,2016-09-13 6:15,2.3,19,,35.77 N,129.18 E,경북 경주시 남남서쪽 8km 지역
416,2016-09-13 5:15,2,16,,35.77 N,129.18 E,경북 경주시 남남서쪽 9km 지역
415,2016-09-13 4:56,2,15,,35.77 N,129.19 E,경북 경주시 남남서쪽 8km 지역
414,2016-09-13 4:41,2.1,17,,35.76 N,129.17 E,경북 경주시 남남서쪽 10km 지역
413,2016-09-13 4:13,2.1,16,,35.78 N,129.19 E,경북 경주시 남남서쪽 7km 지역
412,2016-09-13 3:11,2.1,17,,35.75 N,129.17 E,경북 경주시 남남서쪽 11km 지역
411,2016-09-13 2:09,2,17,,35.75 N,129.18 E,경북 경주시 남남서쪽 10km 지역
410,2016-09-13 2:03,2.2,14,,35.78 N,129.19 E,경북 경주시 남남서쪽 7km 지역
409,2016-09-13 2:03,2.1,17,,35.76 N,129.17 E,경북 경주시 남남서쪽 10km 지역
408,2016-09-13 1:58,2.5,17,,35.77 N,129.18 E,경북 경주시 남남서쪽 8km 지역
407,2016-09-13 1:37,2.2,17,,35.77 N,129.18 E,경북 경주시 남남서쪽 8km 지역
406,2016-09-13 1:35,2.3,17,,35.75 N,129.17 E,경북 경주시 남남서쪽 11km 지역
405,2016-09-13 1:31,2,16,,35.77 N,129.18 E,경북 경주시 남남서쪽 8km 지역
404,2016-09-13 1:23,2.2,17,,35.75 N,129.19 E,경북 경주시 남남서쪽 10km 지역
403,2016-09-13 1:03,2,17,,35.77 N,129.17 E,경북 경주시 남남서쪽 9km 지역
402,2016-09-13 0:45,2.2,17,,35.76 N,129.18 E,경북 경주시 남남서쪽 9km 지역
401,2016-09-13 0:37,3.1,19,,35.78 N,129.21 E,경북 경주시 남쪽 6km 지역
400,2016-09-13 0:32,2.1,16,,35.76 N,129.19 E,경북 경주시 남남서쪽 9km 지역
399,2016-09-13 0:21,2.5,18,,35.76 N,129.19 E,경북 경주시 남남서쪽 9km 지역
398,2016-09-13 0:15,2,15,,35.76 N,129.18 E,경북 경주시 남남서쪽 9km 지역
397,2016-09-13 0:10,2,17,,35.76 N,129.18 E,경북 경주시 남남서쪽 9km 지역
396,2016-09-13 0:07,2.2,16,,35.76 N,129.19 E,경북 경주시 남남서쪽 9km 지역
395,2016-09-12 23:53,2.2,16,,35.77 N,129.19 E,경북 경주시 남남서쪽 8km 지역
394,2016-09-12 23:52,3.1,18,,35.75 N,129.18 E,경북 경주시 남남서쪽 10km 지역
393,2016-09-12 23:18,3,17,,35.76 N,129.17 E,경북 경주시 남남서쪽 8km 지역
392,2016-09-12 22:47,2.1,13,,35.77 N,129.19 E,경북 경주시 남남서쪽 8km 지역
391,2016-09-12 22:23,2.4,17,,35.77 N,129.18 E,경북 경주시 남남서쪽 8km 지역
390,2016-09-12 22:22,2.2,17,,35.76 N,129.18 E,경북 경주시 남남서쪽 9km 지역
389,2016-09-12 22:18,2,17,,35.77 N,129.18 E,경북 경주시 남남서쪽 8km 지역
388,2016-09-12 22:17,2.5,15,,35.76 N,129.18 E,경북 경주시 남남서쪽 9km 지역
387,2016-09-12 22:13,2.4,17,,35.76 N,129.19 E,경북 경주시 남남서쪽 9km 지역
386,2016-09-12 22:08,2,18,,35.76 N,129.18 E,경북 경주시 남남서쪽 9km 지역
385,2016-09-12 22:06,2.1,16,,35.77 N,129.19 E,경북 경주시 남남서쪽 8km 지역
384,2016-09-12 21:54,2.1,12,,35.77 N,129.19 E,경북 경주시 남남서쪽 8km 지역
383,2016-09-12 21:54,2.2,16,,35.76 N,129.16 E,경북 경주시 남남서쪽 10km 지역
382,2016-09-12 21:38,2.6,18,,35.76 N,129.19 E,경북 경주시 남남서쪽 9km 지역
381,2016-09-12 21:33,2.3,17,,35.76 N,129.02 E,경북 경주시 서남서쪽 20km 지역
380,2016-09-12 21:20,2.8,19,,35.78 N,129.18 E,경북 경주시 남남서쪽 7km 지역
379,2016-09-12 21:16,2.1,13,,35.76 N,129.18 E,경북 경주시 남남서쪽 9km 지역
378,2016-09-12 21:09,2.2,15,,35.77 N,129.19 E,경북 경주시 남남서쪽 8km 지역
377,2016-09-12 21:07,2,15,,35.77 N,129.19 E,경북 경주시 남남서쪽 8km 지역
376,2016-09-12 21:00,2.5,18,,35.77 N,129.18 E,경북 경주시 남남서쪽 8km 지역
375,2016-09-12 20:58,2.1,16,,35.77 N,129.17 E,경북 경주시 남남서쪽 9km 지역
374,2016-09-12 20:55,2,11,,35.76 N,129.18 E,경북 경주시 남남서쪽 9km 지역
373,2016-09-12 20:51,2.6,16,,35.75 N,129.16 E,경북 경주시 남남서쪽 11km 지역
372,2016-09-12 20:47,2.9,16,,35.76 N,129.19 E,경북 경주시 남남서쪽 9km 지역
371,2016-09-12 20:47,2.2,14,,35.81 N,129.23 E,경북 경주시 남남동쪽 3km 지역
370,2016-09-12 20:46,2.4,16,,35.76 N,129.17 E,경북 경주시 남남서쪽 10km 지역
369,2016-09-12 20:45,2.7,14,,35.78 N,129.20 E,경북 경주시 남남서쪽 7km 지역
368,2016-09-12 20:45,2.3,15,,35.76 N,129.17 E,경북 경주시 남남서쪽 10km 지역
367,2016-09-12 20:44,2.5,17,,35.76 N,129.18 E,경북 경주시 남남서쪽 9km 지역
366,2016-09-12 20:43,2.4,13,,35.76 N,129.19 E,경북 경주시 남남서쪽 9km 지역
365,2016-09-12 20:42,2.5,13,,35.79 N,129.20 E,경북 경주시 남남서쪽 5km 지역
364,2016-09-12 20:40,3,17,,35.76 N,129.18 E,경북 경주시 남남서쪽 9km 지역
363,2016-09-12 20:39,3,16,,35.77 N,129.19 E,경북 경주시 남남서쪽 8km 지역
362,2016-09-12 20:38,3,15,,35.78 N,129.20 E,경북 경주시 남남서쪽 7km 지역
361,2016-09-12 20:36,3.4,13,,35.75 N,129.18 E,경북 경주시 남남서쪽 10km 지역
360,2016-09-12 20:34,3.6,12,,35.78 N,129.19 E,경북 경주시 남남서쪽 7km 지역
359,2016-09-12 20:32,5.8,15,,35.76 N,129.19 E,경북 경주시 남남서쪽 8.7km 지역
358,2016-09-12 20:26,2.5,17,,35.77 N,129.20 E,경북 경주시 남쪽 8km 지역
357,2016-09-12 20:17,2.3,18,,35.76 N,129.19 E,경북 경주시 남남서쪽 9km 지역
356,2016-09-12 20:10,3.1,18,,35.77 N,129.18 E,경북 경주시 남남서쪽 8km 지역
355,2016-09-12 20:09,2.7,13,,35.76 N,129.17 E,경북 경주시 남남서쪽 10km 지역
354,2016-09-12 20:08,2.7,18,,35.76 N,129.18 E,경북 경주시 남남서쪽 9km 지역
353,2016-09-12 20:07,2.6,21,,35.76 N,129.19 E,경북 경주시 남남서쪽 9km 지역
352,2016-09-12 20:04,2.5,20,,35.77 N,129.18 E,경북 경주시 남남서쪽 8km 지역
351,2016-09-12 20:00,2.4,19,,35.78 N,129.16 E,경북 경주시 남서쪽 8km 지역
350,2016-09-12 19:55,2.4,18,,35.76 N,129.18 E,경북 경주시 남남서쪽 9km 지역
349,2016-09-12 19:53,2.1,16,,35.77 N,129.19 E,경북 경주시 남남서쪽 8km 지역
348,2016-09-12 19:50,2.2,13,,35.77 N,129.18 E,경북 경주시 남남서쪽 8km 지역
347,2016-09-12 19:48,3.1,16,,35.77 N,129.19 E,경북 경주시 남남서쪽 8km 지역
346,2016-09-12 19:46,2.2,14,,35.76 N,129.19 E,경북 경주시 남남서쪽 9km 지역
345,2016-09-12 19:45,2.4,12,,35.78 N,129.20 E,경북 경주시 남남서쪽 7km 지역
344,2016-09-12 19:44,5.1,15,,35.77 N,129.19 E,경북 경주시 남남서쪽 8.2km 지역
343,2016-08-30 0:39,2.6,18,,35.55 N,128.03 E,경남 합천군 서쪽 13km 지역
342,2016-08-28 23:27,2.1,7,,35.65 N,127.48 E,전북 장수군 서쪽 4km 지역
341,2016-08-28 21:27,2.4,14,,38.65 N,127.16 E,북한 강원도 평강 북북서쪽 29km 지역
340,2016-08-20 18:54,2.9,18,,33.48 N,127.31 E,제주 서귀포시 성산 동북동쪽 41km 해역
339,2016-08-20 12:18,3,7,,38.38 N,128.09 E,북한 강원도 양구군 북북동쪽 32km 지역
338,2016-08-18 22:21,2.6,5,,38.84 N,125.70 E,북한 황해북도 송림시 북북동쪽 13km 지역
337,2016-08-18 17:08,2.1,0,,37.18 N,125.46 E,인천 옹진군 연평도 남남서쪽 58km 해역
336,2016-08-17 11:17,2.9,0,,38.35 N,128.09 E,북한 강원도 양구군 북북동쪽 28km 지역
335,2016-08-16 11:57,2.4,14,,36.75 N,128.84 E,경북 안동시 북북동쪽 22km 지역
334,2016-07-30 1:51,2.3,13,,33.06 N,126.33 E,제주 서귀포시 남서쪽 27km 해역
333,2016-07-14 22:31,2.8,12,,35.12 N,130.24 E,울산 동구 동남동쪽 86km 해역
332,2016-07-13 14:13,2,9,,36.80 N,128.53 E,경북 영주시 서쪽 9km 지역
331,2016-07-09 13:16,2.6,0,,38.69 N,125.83 E,북한 황해북도 송림시 동남동쪽 18km 지역
330,2016-07-09 4:47,2.3,18,,35.48 N,129.97 E,울산 동구 동쪽 50km 해역
329,2016-07-05 21:24,2.6,24,,35.51 N,129.87 E,울산 동구 동쪽 41km 해역
328,2016-07-05 20:33,5,19,,35.51 N,129.99 E,울산 동구 동쪽 52km 해역
327,2016-06-25 3:24,2.6,1,,38.74 N,125.86 E,북한 황해북도 송림시 20km 지역
326,2016-06-21 3:23,3.1,0,,39.49 N,126.19 E,북한 평안남도 성천군 북쪽 28km 지역
325,2016-06-15 2:07,2.6,20,,35.87 N,129.69 E,경북 포항시 남구 동남동쪽 33km 해역
324,2016-06-13 12:33,2.7,8,,34.30 N,124.68 E,전남 신안군 흑산면 서남서쪽 82km 해역
323,2016-06-07 16:06,2.3,12,,33.05 N,126.17 E,제주 제주시 고산 남쪽 27km 해역
322,2016-06-05 10:11,2.2,17,,36.00 N,129.58 E,경북 포항시 남구 동쪽 20km 해역
321,2016-06-03 4:53,3,10,,36.39 N,127.92 E,경북 상주시 서쪽 22km 지역
320,2016-05-24 4:52,2.3,16,,33.61 N,125.56 E,제주 제주시 고산 서북서쪽 66km 해역
319,2016-05-22 1:22,3.5,21,,40.68 N,127.15 E,북한 함경남도 장진군 북북서쪽 34km 지역
318,2016-05-03 3:29,2.4,2,,37.11 N,129.02 E,강원 태백시 남남동쪽 7km 지역
317,2016-04-30 22:46,2.6,19,,37.75 N,125.40 E,북한 황해남도 옹진군 남쪽 20km 지역
316,2016-04-28 10:16,2.4,10,,35.42 N,128.56 E,경남 창녕군 남남동쪽 15km 지역
315,2016-04-27 19:27,2.3,15,,35.57 N,128.34 E,경남 합천군 동쪽 16km 지역
314,2016-04-25 11:42,2.3,22,,33.51 N,125.91 E,제주 제주시 고산 북서쪽 34km 해역
313,2016-04-21 15:55,2.7,10,,33.53 N,125.89 E,제주 제주시 고산 북서쪽 36km 해역
312,2016-04-21 15:53,2.7,18,,33.52 N,125.92 E,제주 제주시 고산 북서쪽 34km 해역
311,2016-04-13 5:28,2.1,17,,35.92 N,127.93 E,경북 김천시 남남서쪽 28km 지역
310,2016-03-28 14:34,2.9,13,,35.22 N,127.96 E,경남 진주시 서북서쪽 12km 지역
309,2016-03-27 18:28,3.1,7,,39.38 N,126.06 E,북한 평안남도 성천시 북서쪽 20km 지역
308,2016-03-27 14:52,2.3,12,,35.33 N,130.04 E,울산 동구 동남동쪽 59km 해역
307,2016-03-15 3:38,2.5,13,,37.60 N,129.82 E,강원 삼척시 동북동쪽 60km 해역
306,2016-03-15 3:00,2.7,16,,36.31 N,128.21 E,경북 상주시 남남동쪽 12km 지역
305,2016-03-14 5:17,3.1,8,,38.71 N,125.87 E,북한 황해북도 송림시 동쪽 21km 지역
304,2016-03-05 11:11,3.3,0,,35.61 N,129.82 E,울산 동구 동북동쪽 38km 해역
303,2016-03-02 14:04,2.7,3,,36.35 N,127.20 E,충남 공주시 남동쪽 13km 지역
302,2016-02-28 16:52,2.5,6,,38.73 N,125.85 E,북한 황해북도 송림시 동쪽 19km 지역
301,2016-02-26 18:46,2.2,14,,33.23 N,127.19 E,제주 서귀포시 성산 동남동쪽 34km 해역
300,2016-02-24 23:22,2.9,20,,33.52 N,125.92 E,제주 제주시 고산 북서쪽 34km 해역
299,2016-02-11 5:57,3.1,17,,36.21 N,127.48 E,충남 금산군 북쪽 12km 지역
298,2016-01-31 3:03,2,28,,36.95 N,129.92 E,경북 울진군 동쪽 46 km 해역
297,2016-01-25 18:40,2.3,20,,36.22 N,128.69 E,경북 의성군 남쪽 14km 지역
296,2016-01-23 7:14,2.4,7,,38.42 N,126.25 E,북한 황해북도 평산군 북서쪽 16km 지역
295,2016-01-06 20:39,3,7,,36.01 N,128.07 E,경북 김천시 남쪽 14km 지역
294,2015-12-22 4:31,3.9,11,,36.02 N,126.95 E,전북 익산시 북쪽 8km 지역
293,2015-12-11 1:25,2.1,14,,36.90 N,126.58 E,충남 당진시 서북서쪽 5km 지역
292,2015-11-24 14:10,2.4,14,,35.69 N,129.75 E,울산 동구 북동쪽 36km 해역
291,2015-11-24 11:27,3.2,13,,35.67 N,129.82 E,울산 동구 동북동쪽 41km 해역
290,2015-11-13 20:04,2.6,18,,35.80 N,129.42 E,경북 경주시 동남동쪽 19km 지역
289,2015-10-30 15:17,2.9,17,,35.74 N,129.37 E,경북 경주시 남동쪽 18km 지역
288,2015-10-26 23:29,2.1,24,,34.09 N,126.85 E,전남 완도군 남남동쪽 26km 해역
287,2015-10-11 0:55,2.1,19,,33.30 N,127.02 E,제주 서귀포시 성산 남동쪽 16km 해역
286,2015-10-01 14:06,2.1,18,,35.78 N,129.14 E,경북 경주시 남서쪽 9km 지역
285,2015-10-01 9:21,2.5,17,,35.78 N,129.14 E,경북 경주시 남서쪽 9km 지역
284,2015-09-18 10:12,2.1,15,,34.70 N,128.75 E,경남 통영시 매물도 동북동쪽 17km 해역
283,2015-09-03 4:53,2.7,19,,33.27 N,127.04 E,제주 서귀포시 성산 남동쪽 20km 해역
282,2015-09-01 13:47,2.5,6,,39.09 N,126.53 E,북한 평안남도 양덕 남서쪽 16km 지역
281,2015-08-23 9:19,2.5,15,,36.38 N,129.77 E,경북 영덕군 동쪽 36km 해역
280,2015-08-17 16:56,2.5,8,,37.20 N,125.38 E,인천 옹진군 연평도 남남서쪽 59km 해역
279,2015-08-12 17:09,2.2,17,,37.17 N,127.50 E,경기 이천시 남남동쪽 13km 지역
278,2015-08-03 10:11,3.7,20,,33.26 N,127.06 E,제주 서귀포시 성산 남동쪽 22km 해역
277,2015-08-02 3:22,2.1,6,,37.19 N,128.44 E,강원 영월군 서북서쪽 2km 지역
276,2015-08-01 23:58,2.2,22,,35.32 N,127.45 E,전남 구례군 북쪽 13km 지역
275,2015-07-30 9:39,2.2,14,,35.15 N,127.98 E,경남 사천시 북서쪽 12km 지역
274,2015-07-23 4:02,2.6,9,,33.22 N,127.05 E,제주 서귀포시 성산 남동쪽 24km 해역
273,2015-07-20 1:33,2.2,20,,33.26 N,127.21 E,제주 서귀포시 성산 동남동쪽 34km 해역
272,2015-07-18 21:15,2.3,7,,36.07 N,128.08 E,경북 김천시 남남서쪽 7km 지역
271,2015-07-14 14:34,2.8,6,,33.24 N,127.01 E,제주 서귀포시 성산 남동쪽 20km 해역
270,2015-07-08 11:01,2,16,,37.63 N,125.86 E,인천 옹진군 연평도 동남동쪽 14km 해역
269,2015-07-04 8:49,2.1,15,,36.32 N,128.18 E,경북 상주시 남쪽 10km 지역
268,2015-06-22 12:44,2.4,7,,36.35 N,127.24 E,충남 공주시 남동쪽 15km 지역
267,2015-06-22 12:02,2.6,7,,35.85 N,125.00 E,충남 태안군 서격렬비도 남남서쪽 96km 해역
266,2015-06-17 0:55,2.3,5,,38.41 N,125.57 E,북한 황해남도 안악 남남동쪽 13km 지역
265,2015-06-07 20:54,2.1,13,,33.79 N,126.16 E,제주 제주시 북서쪽 48km 해역
264,2015-06-02 1:01,2,17,,36.76 N,129.98 E,경북 울진군 동남동쪽 57km 해역
263,2015-04-24 10:14,2.3,20,,35.88 N,129.69 E,경북 포항시 남구 동남동쪽 33km 해역
262,2015-04-21 2:05,2.1,12,,35.88 N,129.75 E,경북 포항시 남구 동남동쪽 38km 해역
261,2015-04-15 4:10,2.9,15,,35.14 N,129.93 E,울산 동구 남동쪽 61km 해역
260,2015-04-13 18:02,3.3,10,,37.18 N,125.47 E,인천 옹진군 연평도 남남서쪽 58km 해역
259,2015-03-19 16:20,2.7,21,,36.43 N,127.65 E,충북 옥천군 북북동쪽 16km 지역
258,2015-03-19 12:54,2.2,10,,34.16 N,128.37 E,경남 통영시 욕지도 남남동쪽 54km 해역
257,2015-03-10 13:10,2.7,5,,37.36 N,125.15 E,인천 옹진군 연평도 남서쪽 59km 해역
256,2015-02-23 4:54,2.7,23,,32.96 N,126.25 E,제주 제주시 고산 남남동쪽 38km 해역
255,2015-02-19 14:25,2.1,9,,36.09 N,125.05 E,충남 태안군 서격렬비도 남서쪽 71km 해역
254,2015-02-03 19:54,2.1,17,,33.61 N,127.57 E,전남 여수시 거문도 남남동쪽 52km 해역
253,2015-01-31 5:10,2.2,16,,36.60 N,129.45 E,경북 영덕군 북북동쪽 22km 해역
252,2015-01-08 20:15,3.5,16,,37.51 N,125.63 E,인천 옹진군 연평도 남남서쪽 18km 해역
251,2015-01-06 13:06,2.8,12,,38.43 N,126.28 E,북한 황해북도 평산 북서쪽 17km 지역
250,2014-12-30 15:36,2.6,,,35.21 N,124.79 E,전남 신안군 흑산면 북서쪽 88km 해역
249,2014-12-24 20:33,2.1,,,35.89 N,127.33 E,전북 완주군 동쪽 15km 지역
248,2014-12-15 9:08,2.1,,,39.09 N,126.52 E,북한 평안남도 양덕 남서쪽 16km 지역
247,2014-12-08 5:28,3.3,,,34.75 N,127.17 E,전남 보성군 동남동쪽 8km 지역
246,2014-11-15 3:31,2.5,,,38.77 N,126.36 E,북한 황해북도 신계 북북서쪽 34km 지역
245,2014-11-06 14:48,2.3,,,33.34 N,125.89 E,제주 제주시 고산 서북서쪽 26km 해역
244,2014-11-06 4:25,2.5,,,37.23 N,126.44 E,인천 옹진군 남남서쪽 30km 해역
243,2014-10-28 19:07,2.2,,,38.00 N,125.34 E,북한 황해남도 옹진 북북동쪽 8km 지역
242,2014-10-21 6:33,2.3,,,35.21 N,129.49 E,부산 기장군 동쪽 24km 해역
241,2014-10-20 21:15,2.2,,,33.68 N,125.88 E,제주 제주시 고산 북북서쪽 50km 해역
240,2014-10-19 19:57,2.6,,,36.44 N,128.19 E,경북 상주시 북동쪽 4km 지역
239,2014-10-11 22:11,2.3,,,37.73 N,129.43 E,강원 동해시 북동쪽 36km 해역
238,2014-10-07 1:57,2.9,,,33.30 N,125.96 E,제주 제주시 고산 서쪽 19km 해역
237,2014-10-01 16:34,2.2,,,36.67 N,125.45 E,충남 태안군 서격렬비도 북서쪽 11km 해역
236,2014-09-28 21:32,3.2,,,37.24 N,126.44 E,인천 옹진군 남서쪽 30km 지역
235,2014-09-25 2:26,3.8,,,35.07 N,129.94 E,울산 동구 남동쪽 67km 해역
234,2014-09-23 15:27,3.5,,,35.80 N,129.41 E,경북 경주시 동남동쪽 18km 지역
233,2014-09-09 0:24,2.2,,,35.68 N,129.38 E,경북 경주시 남동쪽 23km 지역
232,2014-08-21 22:30,2.7,,,33.87 N,127.83 E,전남 여수시 거문도 동남동쪽 51km 해역
231,2014-08-18 5:13,2.1,,,36.57 N,125.64 E,충남 태안군 서격렬비도 동남동쪽 10km 해역
230,2014-08-16 0:51,2.1,,,33.59 N,126.58 E,제주 제주시 북북동쪽 11km 해역
229,2014-08-10 18:07,2.4,,,38.15 N,126.63 E,북한 개성 북북동쪽 21km 지역
228,2014-08-05 6:16,2.5,,,40.11 N,127.20 E,북한 함경남도 신흥 서북서쪽 20km 지역
227,2014-08-02 1:32,2.2,,,37.40 N,127.20 E,경기 광주시 서남서쪽 5km 지역
226,2014-07-04 6:27,2.2,,,34.51 N,125.41 E,전남 신안군 흑산면 남남서쪽 17km 해역
225,2014-07-04 4:13,2.9,,,35.66 N,129.78 E,울산 동구 동북동쪽 37km 해역
224,2014-07-04 0:11,2.5,,,35.65 N,129.81 E,울산 동구 동북동쪽 39km 해역
223,2014-07-03 22:04,2.6,,,35.66 N,129.82 E,울산 동구 동북동쪽 40km 해역
222,2014-07-03 21:57,3.5,,,35.66 N,129.76 E,울산 동구 동북동쪽 35km 해역
221,2014-06-21 8:29,2.6,,,38.77 N,125.89 E,북한 황해북도 송림 동쪽 22km 지역
220,2014-06-18 9:59,2.1,,,35.91 N,128.66 E,대구 동구 북쪽 4km 지역
219,2014-06-08 4:05,2.6,,,33.52 N,125.96 E,제주 제주시 고산 북서쪽 31km 해역
218,2014-06-05 13:29,2.3,,,35.97 N,128.62 E,대구 동구 북쪽 10km 지역
217,2014-05-15 8:46,3.4,,,33.00 N,126.21 E,제주 제주시 고산 남쪽 33km 해역
216,2014-04-26 14:08,2.7,,,36.46 N,127.93 E,경북 상주시 서북서쪽 21km 지역
215,2014-04-25 12:14,2.9,,,35.97 N,128.04 E,경북 김천시 남남서쪽 19km 지역
214,2014-04-13 14:02,2.9,,,36.93 N,124.52 E,충남 태안군 서격렬비도 서북서쪽 97km 해역
213,2014-04-12 1:44,2.6,,,33.52 N,126.90 E,제주 제주시 동쪽 34km 지역
212,2014-04-08 6:19,2.7,,,36.96 N,124.44 E,충남 태안군 서격렬비도 서북서쪽 105km 해역
211,2014-04-01 9:25,2.3,,,36.95 N,124.50 E,충남 태안군 서격렬비도 서북서쪽 100km 해역
210,2014-04-01 4:48,5.1,,,36.95 N,124.50 E,충남 태안군 서격렬비도 서북서쪽 100km 해역
209,2014-03-28 10:40,3,,,36.47 N,127.93 E,경북 상주시 서북서쪽 22km 지역
208,2014-03-14 12:59,2.5,,,39.41 N,126.09 E,북한 평안남도 성천 북북서쪽 21km 지역
207,2014-03-11 11:39,2.7,,,35.86 N,128.47 E,대구 달성군 서북서쪽 9km 지역
206,2014-02-28 3:20,2.4,,,38.74 N,125.01 E,북한 남포 서쪽 22km 해역
205,2014-02-22 20:44,2.6,,,38.31 N,124.27 E,북한 황해남도 용연군 장산곶 서북서쪽 42km 해역
204,2014-02-21 21:17,2.7,,,35.05 N,127.75 E,전남 광양시 북북동쪽 13km 지역
203,2014-02-05 23:06,2.8,,,38.26 N,124.40 E,북한 황해남도 용연군 장산곶 서북서쪽 29km 해역
202,2014-01-29 6:08,2.2,,,36.23 N,128.80 E,경북 의성군 남동쪽 16km 지역
201,2013-12-19 12:38,2.9,,,38.11 N,127.11 E,경기 연천군 동북동쪽 3km 지역
200,2013-12-13 11:40,2.5,,,36.10 N,129.04 E,경북 영천시 북북동쪽 17km 지역
199,2013-12-08 16:38,2.8,,,33.44 N,125.09 E,제주 제주시 고산 서쪽 101km 해역
198,2013-12-04 6:28,2.4,,,38.71 N,125.69 E,북한 황해북도 송림 동남동쪽 6km 지역
197,2013-12-03 21:00,2.5,,,35.64 N,128.72 E,경북 청도군 서남서쪽 2km 지역
196,2013-12-02 20:02,2.8,,,38.56 N,126.10 E,북한 황해북도 사리원 동북동쪽 30km 지역
195,2013-11-26 2:26,2.1,,,37.12 N,128.11 E,충북 제천시 서남서쪽 10km 지역
194,2013-11-22 23:29,2.1,,,36.99 N,126.40 E,충남 서산시 북북서쪽 24km 지역
193,2013-11-20 21:07,2.1,,,38.47 N,126.17 E,북한 황해북도 평산 북서쪽 25km 지역
192,2013-11-16 22:32,2.1,,,38.51 N,125.66 E,북한 황해북도 사리원 서쪽 9km 지역
191,2013-11-10 16:28,2,,,37.66 N,124.67 E,인천 백령도 남쪽 33km 해역
190,2013-11-08 21:02,3,,,36.24 N,126.36 E,충남 보령시 서남서쪽 25km 해역
189,2013-11-08 19:14,2.6,,,36.23 N,126.36 E,충남 보령시 서남서쪽 25km 해역
188,2013-10-26 6:47,2.7,,,37.96 N,124.61 E,인천 백령도 서쪽 6km 해역
187,2013-10-19 0:16,2,,,35.96 N,128.06 E,경북 김천시 남쪽 20km 지역
186,2013-10-11 16:06,3.6,,,36.46 N,129.61 E,경북 영덕군 동북동쪽 22km 해역
185,2013-10-10 13:08,2.6,,,35.36 N,128.23 E,경남 의령군 북서쪽 5km 지역
184,2013-09-15 13:16,2.3,,,36.55 N,129.23 E,경북 영양군 남동쪽 16km 지역
183,2013-09-14 17:33,2.2,,,36.20 N,126.16 E,충남 보령시 서남서쪽 43km 해역
182,2013-09-11 13:00,4,,,33.56 N,125.39 E,전남 신안군 가거도 남남동쪽 60km 해역
181,2013-08-29 8:35,2.5,,,38.19 N,129.30 E,강원 강릉시 북동쪽 60km 해역
180,2013-08-13 0:36,3,,,36.91 N,129.44 E,경북 울진군 남남동쪽 10km 해역
179,2013-08-13 0:01,2.1,,,36.92 N,129.44 E,경북 울진군 남남동쪽 8km 해역
178,2013-08-12 4:39,2.3,,,35.66 N,129.77 E,울산 동구 동북동쪽 36km 해역
177,2013-08-12 4:33,3.1,,,35.66 N,129.75 E,울산 동구 동북동쪽 35km 해역
176,2013-08-11 4:19,2.3,,,38.48 N,126.13 E,북한 황해북도 평산 북서쪽 28km 지역
175,2013-08-10 12:43,2.6,,,35.90 N,129.75 E,경북 포항시 남구 동남동쪽 37km 해역
174,2013-08-07 21:08,2,,,36.19 N,126.08 E,충남 보령시 서남서쪽 51km 해역
173,2013-08-04 19:58,2.3,,,36.20 N,126.16 E,충남 보령시 서남서쪽 43km 해역
172,2013-08-01 17:22,3.1,,,36.19 N,126.17 E,충남 보령시 서남서쪽 43km 해역
171,2013-08-01 0:57,2.8,,,36.23 N,126.22 E,충남 보령시 서남서쪽 37km 해역
170,2013-07-31 22:30,3.2,,,36.21 N,126.18 E,충남 보령시 서남서쪽 41km 해역
169,2013-07-31 20:27,2.2,,,36.20 N,126.17 E,충남 보령시 서남서쪽 43km 해역
168,2013-07-31 20:05,2.2,,,36.21 N,126.17 E,충남 보령시 서남서쪽 42km 해역
167,2013-07-30 14:57,2.7,,,36.21 N,126.14 E,충남 보령시 서남서쪽 45km 해역
166,2013-07-29 10:29,2.7,,,36.20 N,126.13 E,충남 보령시 서남서쪽 46km 해역
165,2013-07-28 9:10,2.8,,,36.20 N,126.14 E,충남 보령시 서남서쪽 45km 해역
164,2013-07-26 11:23,2.2,,,36.19 N,126.14 E,충남 보령시 서남서쪽 45km 해역
163,2013-07-23 16:03,2.7,,,36.19 N,126.16 E,충남 보령시 서남서쪽 44km 해역
162,2013-07-15 19:44,2.5,,,36.20 N,126.15 E,충남 보령시 서남서쪽 44km 해역
161,2013-07-15 1:39,2.4,,,33.03 N,125.68 E,제주 제주시 고산 서남서쪽 68km 해역
160,2013-07-13 2:02,3.5,,,36.20 N,126.18 E,충남 보령시 서남서쪽 42km 해역
159,2013-07-01 11:24,3,,,38.78 N,126.36 E,북한 황해북도 신계 북북서쪽 35km 지역
158,2013-06-29 13:32,2.3,,,36.20 N,126.17 E,충남 보령시 서남서쪽 43km 해역
157,2013-06-27 19:33,2.5,,,36.20 N,126.14 E,충남 보령시 서남서쪽 45km 해역
156,2013-06-24 18:26,2.1,,,38.04 N,129.75 E,강원 동해시 북동쪽 80km 해역
155,2013-06-24 5:28,2.3,,,36.20 N,126.17 E,충남 보령시 서남서쪽 43km 해역
154,2013-06-22 11:18,2.3,,,36.20 N,126.17 E,충남 보령시 서남서쪽 43km 해역
153,2013-06-22 10:37,2.8,,,36.19 N,126.16 E,충남 보령시 서남서쪽 44km 해역
152,2013-06-22 3:51,2.5,,,36.20 N,126.17 E,충남 보령시 서남서쪽 43km 해역
151,2013-06-21 21:55,2.4,,,36.20 N,126.19 E,충남 보령시 서남서쪽 41km 해역
150,2013-06-21 16:29,2.2,,,36.19 N,126.14 E,충남 보령시 서남서쪽 45km 해역
149,2013-06-20 12:35,2.4,,,39.23 N,125.95 E,북한 평안남도 평성 동쪽 8km 지역
148,2013-06-19 16:02,2.6,,,36.19 N,126.16 E,충남 보령시 서남서쪽 44km 해역
147,2013-06-19 1:52,2.3,,,36.20 N,126.16 E,충남 보령시 서남서쪽 43km 해역
146,2013-06-18 2:31,2.3,,,36.21 N,126.18 E,충남 보령시 서남서쪽 41km 해역
145,2013-06-17 20:31,2.4,,,36.20 N,126.17 E,충남 보령시 서남서쪽 43km 해역
144,2013-06-16 22:12,2.5,,,36.20 N,126.16 E,충남 보령시 서남서쪽 43km 해역
143,2013-06-16 19:47,2.1,,,36.19 N,126.15 E,충남 보령시 서남서쪽 45km 해역
142,2013-06-10 14:01,2.1,,,37.71 N,124.70 E,인천 백령도 남쪽 27km 해역
141,2013-06-08 5:56,3.2,,,35.14 N,126.96 E,광주 동구 동쪽 3km 지역
140,2013-06-05 12:34,2.6,,,36.23 N,126.18 E,충남 보령시 서남서쪽 41km 해역
139,2013-05-22 23:25,2.1,,,38.75 N,128.81 E,강원 고성군 북동쪽 51km 해역
138,2013-05-21 16:17,3.7,,,37.66 N,124.71 E,인천 백령도 남쪽 33km 해역
137,2013-05-19 5:27,2.3,,,37.73 N,124.74 E,인천 백령도 남남동쪽 25km 해역
136,2013-05-18 16:18,2.1,,,37.69 N,124.61 E,인천 백령도 남남서쪽 30km해역
135,2013-05-18 14:09,2.6,,,37.71 N,124.68 E,인천 백령도 남쪽 27km 해역
134,2013-05-18 11:45,3.9,,,37.67 N,124.61 E,인천 백령도 남쪽 32km 해역
133,2013-05-18 9:32,2.5,,,37.64 N,124.57 E,인천 백령도 남남서쪽 36km 해역
132,2013-05-18 9:13,2.4,,,37.67 N,124.62 E,인천 백령도 남쪽 32km 해역
131,2013-05-18 7:54,2.5,,,37.69 N,124.65 E,인천 백령도 남쪽 29km 해역
130,2013-05-18 7:26,3.3,,,37.67 N,124.66 E,인천 백령도 남쪽 31km 해역
129,2013-05-18 7:24,2.2,,,37.69 N,124.65 E,인천 백령도 남쪽 29km 해역
128,2013-05-18 7:02,4.9,,,37.68 N,124.63 E,인천 백령도 남쪽 31km 해역
127,2013-05-18 3:00,3.5,,,37.68 N,124.60 E,인천 백령도 남남동쪽 31km 해역
126,2013-05-15 8:48,2.8,,,37.69 N,124.74 E,인천 백령도 남쪽 30km 해역
125,2013-05-15 8:34,2.7,,,37.71 N,124.68 E,인천 백령도 남쪽 27km 해역
124,2013-05-14 20:17,2.8,,,37.70 N,124.79 E,인천 백령도 남남동쪽 30km 해역
123,2013-04-30 10:58,2,,,36.46 N,129.63 E,경북 영덕군 동북동쪽 24km 해역
122,2013-04-30 5:26,2.5,,,36.47 N,129.61 E,경북 영덕군 동북동쪽 23km 해역
121,2013-04-28 3:39,2.7,,,33.65 N,127.29 E,전남 여수시 거문도 남쪽 42km 해역
120,2013-04-21 18:21,2.7,,,35.14 N,124.49 E,전남 신안군 흑산면 서북서쪽 105km 해역
119,2013-04-21 8:21,4.9,,,35.16 N,124.56 E,전남 신안군 흑산면 북서쪽 101km 해역
118,2013-04-19 23:46,2.2,,,36.55 N,129.60 E,경북 영덕군 북동쪽 26km 해역
117,2013-04-17 21:33,2.3,,,36.56 N,129.61 E,경북 영덕군 북동쪽 27km 해역
116,2013-04-14 16:16,2.3,,,38.20 N,129.29 E,강원 양양군 동북동쪽 60km 해역
115,2013-04-10 13:07,2.2,,,36.50 N,127.44 E,충북 청원군 남남서쪽 16km 지역
114,2013-02-07 22:07,2.2,,,35.76 N,129.13 E,경북 경주시 남서쪽 12km 지역
113,2013-02-05 21:25,3.5,,,35.77 N,127.97 E,경남 거창군 북북동쪽 11km 지역
112,2013-02-04 5:39,3.1,,,36.55 N,128.90 E,경북 안동시 동쪽 15km 지역
111,2013-01-26 8:57,2.4,,,36.11 N,127.73 E,충북 영동군 남서쪽 9km 지역
110,2013-01-15 13:31,2.8,,,36.59 N,129.73 E,경북 영덕군 동북동쪽 38km 해역
109,2013-01-02 5:53,2.5,,,33.37 N,127.27 E,제주 서귀포시 성산 동쪽 36km 해역
108,2012-12-19 15:05,2.2,,,35.72 N,127.22 E,전북 완주군 남남동쪽 21km 지역
107,2012-11-22 3:04,3,,,35.22 N,127.97 E,경남 진주시 서북서쪽 11km 지역
106,2012-10-17 14:37,2.5,,,37.54 N,124.84 E,인천 백령도 남남동쪽 48km 해역
105,2012-10-01 6:51,2.4,,,36.73 N,128.40 E,경북 예천군 북북서쪽 10km 지역
104,2012-09-28 19:36,2.1,,,36.41 N,128.73 E,경북 의성군 북북동쪽 7km 지역
103,2012-09-27 22:24,2.7,,,35.40 N,126.08 E,전북 부안군 위도 남서쪽 30km 해역
102,2012-09-24 9:59,2.5,,,38.73 N,125.48 E,북한 남포 남동쪽 4km 지역
101,2012-09-20 2:43,2.4,,,35.61 N,129.82 E,울산 동구 동북동쪽 38km 해역
100,2012-09-19 14:52,2.2,,,34.66 N,128.75 E,경남 통영시 매물도 동쪽 16km 해역
99,2012-09-19 14:49,2.1,,,34.71 N,128.72 E,경남 통영시 매물도 동북동쪽 15km 해역
98,2012-09-18 5:39,2.7,,,33.53 N,125.81 E,제주 제주시 고산 북서쪽 42km 해역
97,2012-09-10 22:06,2.1,,,35.82 N,129.41 E,경북 경주시 동쪽 18km 지역
96,2012-09-07 2:34,3.1,,,36.40 N,127.25 E,충남 공주시 동남동쪽 12km 지역
95,2012-08-18 18:06,2.2,,,36.20 N,125.26 E,충남 태안군 서격렬비도 남남서쪽 51km 해역
94,2012-08-13 0:54,2.2,,,36.84 N,128.68 E,경북 영주시 북동쪽 6km 지역
93,2012-08-10 21:25,2.6,,,35.82 N,128.39 E,경북 고령군 북동쪽 16km 지역
92,2012-07-29 3:22,2.7,,,32.85 N,126.02 E,제주 제주시 고산 남남서쪽 51km 해역
91,2012-07-26 19:24,3.4,,,37.98 N,125.45 E,북한 황해남도 옹진 북동쪽 10km 지역
90,2012-07-22 12:04,2.3,,,34.69 N,126.60 E,전남 영암군 남서쪽 15km 지역
89,2012-07-14 2:38,2.6,,,33.78 N,124.97 E,전남 신안군 가거도 남남서쪽 34km 해역
88,2012-07-11 19:33,2.1,,,36.87 N,125.28 E,충남 태안군 서격렬비도 북서쪽 38km 해역
87,2012-07-11 19:27,2.5,,,36.90 N,125.27 E,충남 태안군 서격렬비도 북서쪽 41km 해역
86,2012-07-09 8:59,2.4,,,35.32 N,128.71 E,경남 창원시 북북동쪽 11km지역
85,2012-07-08 9:43,2.5,,,35.72 N,129.35 E,경북 경주시 남동쪽 18km 지역
84,2012-07-03 9:42,2.2,,,37.19 N,129.08 E,강원 삼척시 남남서쪽 30km 지역
83,2012-06-24 1:20,2.1,,,37.53 N,124.56 E,인천 백령도 남남서쪽 48km 해역
82,2012-06-23 16:42,2.6,,,36.70 N,128.31 E,경북 문경시 북동쪽 17km 지역
81,2012-06-19 20:55,3.1,,,33.48 N,125.93 E,제주 제주시 고산 북서쪽 30km 해역
80,2012-06-14 6:15,2.1,,,39.72 N,126.92 E,북한 함경남도 요덕 북동쪽 10km지역
79,2012-06-12 17:52,2.2,,,35.87 N,128.67 E,대구 수성구 동북동쪽 4km 지역
78,2012-06-12 13:34,2.4,,,37.33 N,125.27 E,인천 옹진군 연평도 남서쪽 53km 해역
77,2012-06-12 9:01,2.1,,,38.77 N,125.72 E,북한 황해북도 송림 동북동쪽 8km 지역
76,2012-06-12 3:42,2.1,,,36.32 N,127.51 E,충북 옥천군 서북서쪽 6km 지역
75,2012-06-05 8:18,2.1,,,38.43 N,126.16 E,북한 황해북도 평산 서북서쪽 23km 지역
74,2012-06-01 12:05,2.6,,,37.12 N,125.96 E,인천 옹진군 덕적도 서남서쪽 20km 해역
73,2012-06-01 8:09,2.3,,,35.92 N,127.61 E,전북 무주군 남남서쪽 10km 지역
72,2012-05-30 2:48,3.4,,,36.57 N,129.57 E,경북 영덕군 북동쪽 25km 해역
71,2012-05-16 17:50,2.7,,,36.23 N,128.49 E,경북 군위군 서쪽 8km 지역
70,2012-05-15 11:05,2.9,,,35.92 N,129.62 E,경북 포항시 남구 동남동쪽 25km 해역
69,2012-05-11 12:46,3.9,,,36.02 N,127.71 E,전북 무주군 동북동쪽 5km 지역
68,2012-05-02 5:04,2.1,,,35.77 N,126.81 E,전북 김제시 서남서쪽 7km 지역
67,2012-05-02 1:33,3.4,,,33.69 N,126.04 E,제주 제주시 고산 북북서쪽 46km 해역
66,2012-04-20 21:11,3.1,,,33.43 N,127.26 E,제주 서귀포시 성산 동쪽 36km 해역
65,2012-04-17 13:31,2.6,,,35.72 N,126.51 E,전북 부안군 서쪽 20km 해역
64,2012-03-30 14:51,2.3,,,36.49 N,127.91 E,경북 상주시 서북서쪽 24km 지역
63,2012-03-29 0:26,2.2,,,35.34 N,125.95 E,전북 부안군 위도 남서쪽 43km 해역
62,2012-03-18 9:21,2.5,,,36.90 N,130.24 E,경북 울진군 동쪽 75km 해역
61,2012-02-27 0:26,2.5,,,35.15 N,129.85 E,울산 동구 남동쪽 55km 해역
60,2012-02-24 9:05,3.2,,,35.20 N,129.93 E,울산 동구 남동쪽 57km 해역
59,2012-02-24 0:54,2.4,,,35.13 N,129.85 E,울산 동구 남동쪽 57km 해역
58,2012-02-21 22:30,2.5,,,35.13 N,129.80 E,부산 기장군 동남동쪽 54km 해역
57,2012-02-19 20:21,2.7,,,35.13 N,129.89 E,울산 동구 남동쪽 59km 해역
56,2012-01-24 2:41,2.2,,,37.12 N,125.96 E,인천 옹진군 덕적도 서남서쪽 20km 해역
55,2012-01-19 15:43,2.7,,,38.51 N,126.23 E,북한 황해북도 평산 북서쪽 24km 지역
54,2012-01-16 3:03,2.2,,,36.79 N,128.75 E,경북 안동시 북쪽 25km 지역
53,2012-01-01 19:40,2,,,39.02 N,125.82 E,북한 평양 동쪽 6km 지역
52,2011-12-27 21:57,3.3,,,36.86 N,129.94 E,경북 울진군 동남동쪽 50km 해역
51,2011-12-25 0:01,2.3,,,37.12 N,128.99 E,강원 태백시 남쪽 5km 지역
50,2011-12-14 15:39,2,,,37.97 N,125.82 E,북한 황해남도 해주 남동쪽 12km 지역
49,2011-11-30 0:37,2.5,,,35.98 N,126.53 E,전북 군산시 서쪽 17km 해역
48,2011-11-26 4:03,2.2,,,34.23 N,127.67 E,전남 여수시 거문도 북동쪽 40km 해역
47,2011-11-02 7:20,3,,,35.54 N,130.65 E,울산 동구 동쪽 111km 해역
46,2011-10-07 19:04,2.7,,,33.34 N,127.19 E,제주 서귀포시 성산 동쪽 29km 해역
45,2011-09-28 13:20,2.6,,,38.48 N,126.26 E,북한 황해북도 평산 북서쪽 20km 지역
44,2011-09-26 22:12,3.3,,,34.58 N,128.12 E,경남 남해군 남동쪽 36km 해역
43,2011-09-25 12:59,2.6,,,35.58 N,125.90 E,전북 부안군 위도 서쪽 36km 해역
42,2011-09-21 23:59,2.6,,,35.91 N,125.21 E,전북 군산시 어청도 서남서쪽 72km 해역
41,2011-09-08 1:56,3.2,,,38.82 N,126.00 E,북한 황해북도 사리원 북동쪽 19km 지역
40,2011-08-31 19:39,2.6,,,35.70 N,129.75 E,울산 동구 북동쪽 37km 해역
39,2011-08-20 13:22,2.2,,,38.46 N,127.83 E,북한 강원 회양 남동쪽 34km 지역
38,2011-08-20 6:57,3,,,37.50 N,124.46 E,인천 백령도 남남서쪽 54km 해역
37,2011-08-15 6:10,3.2,,,38.47 N,125.63 E,북한 황해북도 사리원 서남서쪽 12km 지역
36,2011-08-09 12:11,2.5,,,35.66 N,129.76 E,울산 동구 동북동쪽 35km 해역
35,2011-07-28 11:28,2.2,,,35.90 N,129.70 E,경북 포항시 남구 동남동쪽 35km 해역
34,2011-07-27 14:38,2.8,,,36.55 N,129.56 E,경북 영덕군 북동쪽 23km 해역
33,2011-07-19 14:54,2.4,,,37.89 N,124.67 E,인천 백령도 남쪽 7km 해역
32,2011-07-13 4:05,2.1,,,35.91 N,128.39 E,경북 성주군 동쪽 9km 지역
31,2011-07-05 2:13,2.3,,,38.58 N,126.36 E,북한 황해북도 신계 서북서쪽 18km 지역
30,2011-06-27 14:11,2.9,,,35.52 N,126.14 E,전북 부안군 위도 서남서쪽 17km 해역
29,2011-06-17 16:57,2.4,,,37.90 N,124.81 E,인천 백령도 동남동쪽 13km 해역
28,2011-06-17 16:38,4,,,37.89 N,124.81 E,인천 백령도 동남동쪽 13km 해역
27,2011-06-16 8:13,2.8,,,33.62 N,127.27 E,제주 서귀포시 성산 북동쪽 44km 해역
26,2011-06-15 14:21,3.7,,,33.71 N,127.81 E,전남 여수시 거문도 남동쪽 58km 해역
25,2011-06-09 15:13,2.6,,,35.91 N,129.70 E,경북 포항시 남구 동남동쪽 32km 해역
24,2011-06-08 14:21,3,,,35.08 N,125.30 E,전남 신안군 흑산면 북북서쪽 50km 해역
23,2011-06-05 22:53,2.5,,,36.05 N,127.53 E,충남 금산군 남남동쪽 7km 지역
22,2011-06-02 10:50,2.9,,,36.70 N,127.94 E,경북 문경시 서북서쪽 26km 지역
21,2011-06-02 8:09,2.9,,,33.59 N,127.26 E,제주 서귀포시 성산 동북동쪽 42km 해역
20,2011-05-29 10:22,3.2,,,35.58 N,128.75 E,경북 청도군 남쪽 8km 지역
19,2011-05-28 15:41,2.5,,,35.93 N,129.69 E,경북 포항시 남구 동남동쪽 31km 해역
18,2011-05-25 18:29,2.3,,,33.61 N,127.28 E,제주 서귀포시 성산 동북동쪽 31km 해역
17,2011-05-11 21:08,2.2,,,39.33 N,126.22 E,북한 평안남도 성천 북쪽 10km 지역
16,2011-04-24 16:37,3.1,,,37.85 N,125.01 E,인천 백령도 동남동쪽 31km 해역
15,2011-04-11 23:48,2.8,,,39.13 N,125.87 E,북한 평안남도 평성 남쪽 12km 지역
14,2011-04-11 6:11,3.1,,,37.72 N,129.07 E,강원 강릉시 동남동쪽 16km 해역
13,2011-04-03 1:47,2.7,,,35.77 N,128.53 E,대구 달성군 남남서쪽 7km 지역
12,2011-03-28 13:50,3.2,,,35.97 N,129.95 E,경북 포항시 북구 동쪽 53km 해역
11,2011-03-24 4:35,2.8,,,36.34 N,127.83 E,충북 옥천군 동쪽 23km 지역
10,2011-03-14 14:47,2.9,,,34.62 N,126.10 E,전남 신안군 남서쪽 31km 해역
9,2011-03-13 3:12,2.3,,,37.50 N,125.33 E,인천 옹진군 연평도 서남서쪽 38km 해역
8,2011-03-12 8:15,2.6,,,37.00 N,125.27 E,충남 태안군 서격렬비도 북북서쪽 50km 해역
7,2011-03-11 9:57,2.5,,,38.51 N,127.57 E,북한 강원 회양 남쪽 22km 지역
6,2011-03-06 11:04,2.9,,,38.66 N,125.67 E,북한 황해북도 송림 남남동쪽 9km 지역
5,2011-02-27 18:50,3.5,,,33.65 N,125.90 E,제주 제주시 고산 북북서쪽 47km 해역
4,2011-02-11 19:21,2.2,,,37.19 N,129.06 E,강원 삼척시 남남서쪽 30km 지역
3,2011-01-26 22:15,2.7,,,33.40 N,127.33 E,제주 서귀포시 성산 동쪽 42km 해역
2,2011-01-21 10:56,2.2,,,33.70 N,127.38 E,전남 여수시 거문도 남쪽 37km 해역
1,2011-01-04 1:22,2,,,36.41 N,127.15 E,충남 공주시 남동쪽 4km 지역
